user_id,views,clicks,add_to_cart,purchases,total_spend,avg_order_value,distinct_products,active_days,last_event_timestamp
user_248,55,18,9,8,2116.0,264.5,60,30,2026-03-29T13:37:21.780-07:00
user_662,59,33,14,6,2102.67,350.445,69,30,2026-03-29T06:27:21.780-07:00
user_424,73,27,8,6,1793.55,298.925,70,30,2026-03-29T11:29:21.780-07:00
user_242,62,22,15,4,1248.56,312.14,60,30,2026-03-29T14:45:21.780-07:00
user_603,61,23,9,2,496.46,248.23,59,29,2026-03-29T15:48:21.780-07:00
user_758,70,21,16,3,714.06,238.01999999999998,65,29,2026-03-29T17:18:21.780-07:00
user_296,66,15,14,4,1028.4,257.1,64,29,2026-03-29T14:06:21.780-07:00
user_431,59,14,4,2,876.9200000000001,438.46000000000004,60,29,2026-03-29T03:20:21.780-07:00
user_691,56,11,8,9,2012.2100000000003,223.5788888888889,58,28,2026-03-29T14:24:21.780-07:00
user_58,68,18,15,2,610.29,305.145,59,30,2026-03-29T14:50:21.780-07:00
user_330,58,18,5,4,525.9200000000001,131.48000000000002,52,28,2026-03-29T13:45:21.780-07:00
user_294,60,25,9,4,1183.61,295.9025,62,30,2026-03-29T12:51:21.780-07:00
user_929,61,22,11,8,2774.17,346.77125,65,28,2026-03-29T15:43:21.780-07:00
user_926,75,17,11,1,254.08,254.08,65,28,2026-03-29T11:51:21.780-07:00
user_937,71,20,10,4,524.85,131.2125,62,28,2026-03-28T22:29:21.780-07:00
user_721,62,16,16,6,1314.8200000000002,219.13666666666668,65,27,2026-03-29T14:08:21.780-07:00
user_178,72,14,13,7,1345.7800000000002,192.25428571428574,66,30,2026-03-29T17:18:21.780-07:00
user_215,67,26,7,7,2323.9400000000005,331.9914285714286,61,30,2026-03-29T09:56:21.780-07:00
user_151,55,24,16,3,241.97000000000003,80.65666666666668,63,28,2026-03-28T18:06:21.780-07:00
user_620,75,20,13,6,1278.8000000000002,213.13333333333335,65,30,2026-03-29T16:42:21.780-07:00
user_523,75,17,17,2,480.3,240.15,66,28,2026-03-29T01:29:21.780-07:00
user_440,73,8,14,2,905.3499999999999,452.67499999999995,59,29,2026-03-29T12:32:21.780-07:00
user_280,72,18,8,8,2754.46,344.3075,65,29,2026-03-29T17:05:21.780-07:00
user_402,63,17,8,2,378.41,189.205,57,28,2026-03-29T14:10:21.780-07:00
user_258,81,19,12,9,2892.2999999999997,321.3666666666666,77,30,2026-03-29T05:36:21.780-07:00
user_893,59,23,9,7,2189.89,312.84142857142854,64,27,2026-03-29T09:57:21.780-07:00
user_73,65,21,15,6,1908.53,318.0883333333333,69,28,2026-03-29T14:38:21.780-07:00
user_166,67,20,13,3,839.95,279.98333333333335,67,31,2026-03-29T15:17:21.780-07:00
user_317,61,25,12,7,1381.44,197.34857142857143,70,30,2026-03-29T17:24:21.780-07:00
user_560,66,13,10,3,695.87,231.95666666666668,60,31,2026-03-29T11:38:21.780-07:00
user_94,51,17,10,7,1849.6899999999998,264.24142857142857,54,31,2026-03-29T16:12:21.780-07:00
user_561,50,16,16,3,809.27,269.75666666666666,56,29,2026-03-29T16:44:21.780-07:00
user_448,52,27,4,11,2067.75,187.97727272727272,65,31,2026-03-29T08:20:21.780-07:00
user_709,68,26,8,4,1329.07,332.2675,68,30,2026-03-29T12:23:21.780-07:00
user_894,63,18,12,8,2322.13,290.26625,62,28,2026-03-29T12:55:21.780-07:00
user_965,62,17,12,6,1642.9,273.81666666666666,68,30,2026-03-29T18:04:21.780-07:00
user_846,80,24,9,4,501.21000000000004,125.30250000000001,66,29,2026-03-29T12:49:21.780-07:00
user_216,63,24,11,3,448.78,149.59333333333333,62,31,2026-03-29T16:59:21.780-07:00
user_646,67,22,11,4,1061.28,265.32,62,30,2026-03-29T16:30:21.780-07:00
user_583,47,13,4,1,351.71,351.71,51,26,2026-03-29T00:40:21.780-07:00
user_493,68,18,12,5,1276.98,255.39600000000002,64,29,2026-03-28T21:55:21.780-07:00
user_267,66,18,14,6,1916.93,319.48833333333334,68,31,2026-03-29T04:17:21.780-07:00
user_659,67,17,12,4,1204.18,301.045,64,28,2026-03-28T10:25:21.780-07:00
user_755,69,9,9,2,872.57,436.285,60,30,2026-03-29T12:19:21.780-07:00
user_998,64,21,10,5,949.69,189.93800000000002,65,30,2026-03-29T07:57:21.780-07:00
user_254,58,24,18,4,462.68000000000006,115.67000000000002,70,29,2026-03-29T15:26:21.780-07:00
user_470,75,23,12,10,3256.8300000000004,325.68300000000005,67,30,2026-03-29T07:23:21.780-07:00
user_475,63,18,10,6,2155.96,359.32666666666665,63,28,2026-03-29T07:29:21.780-07:00
user_930,70,21,13,3,929.5600000000001,309.85333333333335,67,30,2026-03-29T05:20:21.780-07:00
user_750,53,16,4,8,1873.5300000000002,234.19125000000003,57,30,2026-03-29T12:57:21.780-07:00
user_85,77,19,12,7,1578.87,225.55285714285714,70,30,2026-03-29T12:53:21.780-07:00
user_416,56,24,16,3,452.83,150.94333333333333,62,29,2026-03-29T16:05:21.780-07:00
user_818,71,18,9,4,837.0300000000001,209.25750000000002,69,29,2026-03-29T00:07:21.780-07:00
user_936,60,15,14,8,1762.92,220.365,64,29,2026-03-29T08:47:21.780-07:00
user_14,61,28,13,7,1895.4500000000003,270.77857142857147,68,31,2026-03-29T12:59:21.780-07:00
user_286,65,27,6,3,1091.0,363.6666666666667,62,30,2026-03-29T15:36:21.780-07:00
user_975,66,27,13,3,1274.3600000000001,424.7866666666667,73,31,2026-03-29T02:19:21.780-07:00
user_333,60,23,8,8,2079.73,259.96625,59,30,2026-03-29T12:32:21.780-07:00
user_468,67,24,9,4,1239.84,309.96,67,30,2026-03-29T15:23:21.780-07:00
user_973,69,20,8,4,959.88,239.97,63,28,2026-03-29T12:40:21.780-07:00
user_316,73,18,12,7,2198.82,314.1171428571429,63,29,2026-03-28T18:05:21.780-07:00
user_411,65,15,6,4,804.1,201.025,60,29,2026-03-29T17:40:21.780-07:00
user_694,64,15,10,12,3012.0800000000004,251.0066666666667,65,30,2026-03-29T18:01:21.780-07:00
user_379,67,26,13,5,904.9,180.98,65,30,2026-03-29T03:11:21.780-07:00
user_264,64,21,9,2,327.66999999999996,163.83499999999998,52,31,2026-03-29T14:35:21.780-07:00
user_303,72,17,10,6,1648.67,274.77833333333336,68,31,2026-03-29T01:52:21.780-07:00
user_437,64,22,13,3,462.58,154.19333333333333,67,30,2026-03-29T06:41:21.780-07:00
user_827,65,24,10,6,1971.0699999999997,328.5116666666666,66,28,2026-03-29T13:09:21.780-07:00
user_378,64,25,11,5,1406.44,281.288,67,29,2026-03-29T18:03:21.780-07:00
user_557,73,24,9,5,1307.74,261.548,71,30,2026-03-28T23:30:21.780-07:00
user_679,73,28,9,9,2157.6,239.73333333333332,73,30,2026-03-29T17:19:21.780-07:00
user_224,69,28,12,5,1366.92,273.384,62,30,2026-03-29T14:41:21.780-07:00
user_708,57,16,12,4,508.08000000000004,127.02000000000001,57,28,2026-03-29T11:18:21.780-07:00
user_498,67,22,11,5,1356.8400000000001,271.36800000000005,67,31,2026-03-29T03:06:21.780-07:00
user_746,64,21,7,2,767.58,383.79,60,31,2026-03-29T03:08:21.780-07:00
user_68,71,12,6,3,786.97,262.3233333333333,59,30,2026-03-29T07:26:21.780-07:00
user_958,57,26,13,1,260.45,260.45,61,30,2026-03-29T11:19:21.780-07:00
user_56,53,29,8,6,1646.58,274.43,56,29,2026-03-29T06:47:21.780-07:00
user_771,59,14,10,10,1997.8600000000001,199.786,59,30,2026-03-29T16:18:21.780-07:00
user_978,81,21,11,4,799.7299999999999,199.93249999999998,65,30,2026-03-29T09:06:21.780-07:00
user_528,75,34,3,3,862.3599999999999,287.4533333333333,67,29,2026-03-29T17:08:21.780-07:00
user_366,52,17,9,5,1676.15,335.23,58,30,2026-03-29T07:01:21.780-07:00
user_22,69,29,6,7,1434.39,204.91285714285715,67,30,2026-03-29T05:10:21.780-07:00
user_781,59,17,19,5,1452.47,290.494,63,30,2026-03-29T01:44:21.780-07:00
user_203,73,15,7,2,350.53999999999996,175.26999999999998,62,30,2026-03-29T14:05:21.780-07:00
user_693,50,10,9,8,2166.5,270.8125,55,30,2026-03-29T15:42:21.780-07:00
user_496,52,18,1,11,2161.59,196.50818181818184,54,29,2026-03-29T00:10:21.780-07:00
user_732,68,22,10,3,910.6600000000001,303.55333333333334,64,30,2026-03-29T17:07:21.780-07:00
user_734,65,14,10,4,638.55,159.6375,55,28,2026-03-29T11:05:21.780-07:00
user_97,67,18,9,6,762.07,127.01166666666667,64,30,2026-03-29T06:29:21.780-07:00
user_86,70,19,11,7,2458.5699999999997,351.22428571428566,64,29,2026-03-29T13:38:21.780-07:00
user_852,69,27,8,11,2189.5599999999995,199.05090909090904,63,30,2026-03-29T09:35:21.780-07:00
user_115,83,25,10,6,1632.25,272.0416666666667,66,31,2026-03-29T16:30:21.780-07:00
user_65,70,23,9,3,853.02,284.34,65,29,2026-03-29T14:08:21.780-07:00
user_157,57,12,8,3,1029.59,343.19666666666666,54,26,2026-03-28T21:26:21.780-07:00
user_608,72,19,13,9,2428.71,269.8566666666667,71,30,2026-03-29T16:27:21.780-07:00
user_994,47,23,13,4,964.9,241.225,57,30,2026-03-29T12:22:21.780-07:00
user_428,64,20,8,7,2440.5099999999998,348.6442857142857,64,29,2026-03-29T17:13:21.780-07:00
user_580,62,18,5,1,46.35,46.35,55,29,2026-03-29T16:08:21.780-07:00
user_289,67,27,7,7,1665.8,237.97142857142856,66,31,2026-03-29T13:09:21.780-07:00
user_363,59,27,12,7,2351.56,335.9371428571429,70,28,2026-03-29T15:15:21.780-07:00
user_172,50,19,9,9,3054.58,339.3977777777778,53,29,2026-03-29T10:23:21.780-07:00
user_66,74,19,14,7,1735.7,247.95714285714286,73,30,2026-03-29T08:18:21.780-07:00
user_653,66,21,10,5,1504.61,300.92199999999997,59,29,2026-03-29T06:11:21.780-07:00
user_969,52,15,10,7,2198.3900000000003,314.0557142857143,56,27,2026-03-29T10:37:21.780-07:00
user_503,70,19,12,2,605.8299999999999,302.91499999999996,67,30,2026-03-29T10:12:21.780-07:00
user_516,72,19,10,2,514.9399999999999,257.46999999999997,64,31,2026-03-29T17:42:21.780-07:00
user_47,57,24,14,6,1237.31,206.21833333333333,67,31,2026-03-29T14:35:21.780-07:00
user_553,67,22,7,4,635.3299999999999,158.83249999999998,61,30,2026-03-28T12:56:21.780-07:00
user_797,52,14,10,5,1747.01,349.402,49,29,2026-03-29T16:13:21.780-07:00
user_452,76,25,8,3,696.5500000000001,232.18333333333337,74,31,2026-03-29T14:15:21.780-07:00
user_426,71,26,7,9,2541.8500000000004,282.4277777777778,68,31,2026-03-29T07:48:21.780-07:00
user_120,75,19,12,7,2079.27,297.0385714285714,66,29,2026-03-29T16:28:21.780-07:00
user_19,64,25,10,5,1192.6,238.51999999999998,68,31,2026-03-29T17:36:21.780-07:00
user_21,72,25,12,6,2249.66,374.9433333333333,65,30,2026-03-29T16:06:21.780-07:00
user_481,68,16,11,2,446.62,223.31,65,27,2026-03-29T11:03:21.780-07:00
user_890,54,16,10,5,1543.9399999999998,308.78799999999995,56,28,2026-03-29T15:16:21.780-07:00
user_430,72,18,10,3,544.89,181.63,60,29,2026-03-29T16:46:21.780-07:00
user_209,67,14,12,8,1725.01,215.62625,61,30,2026-03-28T19:46:21.780-07:00
user_193,66,25,11,3,715.37,238.45666666666668,73,29,2026-03-29T12:36:21.780-07:00
user_720,65,17,9,4,1085.6599999999999,271.41499999999996,62,30,2026-03-29T15:09:21.780-07:00
user_740,64,17,13,4,1172.71,293.1775,59,31,2026-03-29T11:18:21.780-07:00
user_545,76,14,10,3,841.02,280.34,68,29,2026-03-29T10:41:21.780-07:00
user_473,74,20,11,2,785.12,392.56,68,31,2026-03-29T02:44:21.780-07:00
user_572,51,20,8,1,65.16,65.16,49,28,2026-03-29T07:19:21.780-07:00
user_977,58,21,8,3,672.72,224.24,63,29,2026-03-29T17:15:21.780-07:00
user_636,62,15,8,5,1237.59,247.51799999999997,64,30,2026-03-29T16:51:21.780-07:00
user_789,60,28,10,2,590.74,295.37,62,28,2026-03-29T17:08:21.780-07:00
user_800,71,18,10,5,1644.1,328.82,66,31,2026-03-29T07:15:21.780-07:00
user_232,71,24,7,3,740.51,246.83666666666667,68,30,2026-03-29T07:38:21.780-07:00
user_739,61,25,16,3,169.98,56.66,64,31,2026-03-29T14:29:21.780-07:00
user_368,71,23,11,7,1855.36,265.0514285714286,61,31,2026-03-29T16:40:21.780-07:00
user_928,55,21,7,6,1039.32,173.22,58,28,2026-03-29T01:20:21.780-07:00
user_932,78,18,5,4,988.1300000000001,247.03250000000003,66,30,2026-03-29T15:55:21.780-07:00
user_906,70,24,10,3,1164.16,388.05333333333334,67,31,2026-03-29T15:53:21.780-07:00
user_112,74,21,9,4,1140.62,285.155,71,29,2026-03-29T13:02:21.780-07:00
user_31,62,15,10,6,944.9800000000001,157.4966666666667,62,31,2026-03-29T14:42:21.780-07:00
user_575,73,15,10,2,338.06,169.03,66,29,2026-03-29T16:32:21.780-07:00
user_476,72,23,6,4,610.6700000000001,152.66750000000002,66,29,2026-03-29T12:44:21.780-07:00
user_415,63,26,11,4,765.78,191.445,64,28,2026-03-29T15:45:21.780-07:00
user_803,56,20,11,0,0.0,0.0,61,31,2026-03-29T17:48:21.780-07:00
user_842,61,25,12,4,1164.6999999999998,291.17499999999995,61,29,2026-03-29T01:45:21.780-07:00
user_159,70,15,14,2,514.8,257.4,58,30,2026-03-29T16:58:21.780-07:00
user_782,65,14,16,8,2445.6800000000003,305.71000000000004,68,29,2026-03-29T10:33:21.780-07:00
user_119,58,16,14,3,760.3499999999999,253.44999999999996,63,29,2026-03-29T08:25:21.780-07:00
user_931,64,29,7,3,1144.0,381.3333333333333,65,30,2026-03-29T16:20:21.780-07:00
user_18,61,23,8,3,577.76,192.58666666666667,61,29,2026-03-29T17:20:21.780-07:00
user_967,67,21,15,5,957.3,191.45999999999998,64,30,2026-03-29T13:10:21.780-07:00
user_131,64,18,19,5,800.63,160.126,61,30,2026-03-29T15:20:21.780-07:00
user_121,85,10,9,6,1657.98,276.33,68,29,2026-03-29T15:07:21.780-07:00
user_555,65,16,9,2,781.56,390.78,57,30,2026-03-29T07:28:21.780-07:00
user_351,74,12,9,7,1718.1699999999998,245.4528571428571,66,31,2026-03-29T09:30:21.780-07:00
user_522,63,20,8,6,968.0199999999999,161.33666666666664,62,28,2026-03-29T15:25:21.780-07:00
user_477,64,17,15,5,1090.9199999999998,218.18399999999997,63,30,2026-03-29T17:07:21.780-07:00
user_581,69,11,13,3,420.73,140.24333333333334,65,30,2026-03-29T17:52:21.780-07:00
user_502,58,16,11,4,1408.42,352.105,55,30,2026-03-29T17:45:21.780-07:00
user_463,65,17,11,9,2878.4,319.82222222222225,62,29,2026-03-29T17:52:21.780-07:00
user_508,77,22,10,5,1488.3600000000001,297.672,64,30,2026-03-29T14:50:21.780-07:00
user_683,54,19,7,7,1800.94,257.27714285714285,60,28,2026-03-29T17:45:21.780-07:00
user_728,44,14,9,4,592.98,148.245,53,30,2026-03-29T11:07:21.780-07:00
user_698,67,22,8,5,1746.63,349.326,70,30,2026-03-29T15:40:21.780-07:00
user_714,70,28,9,5,1895.96,379.192,70,31,2026-03-29T07:49:21.780-07:00
user_878,59,23,13,5,1105.44,221.08800000000002,63,30,2026-03-29T09:37:21.780-07:00
user_678,54,16,15,5,1243.4099999999999,248.68199999999996,55,28,2026-03-29T17:23:21.780-07:00
user_152,60,17,11,6,1118.5,186.41666666666666,61,28,2026-03-28T20:27:21.780-07:00
user_276,65,17,9,5,907.16,181.432,61,27,2026-03-29T18:18:21.780-07:00
user_199,75,20,8,1,199.49,199.49,62,31,2026-03-29T06:29:21.780-07:00
user_457,59,28,9,5,1189.92,237.984,60,29,2026-03-29T13:55:21.780-07:00
user_132,60,18,10,6,1431.3,238.54999999999998,69,30,2026-03-28T16:40:21.780-07:00
user_863,66,16,3,9,1055.49,117.27666666666667,67,27,2026-03-29T17:34:21.780-07:00
user_741,65,25,12,7,1309.6599999999999,187.0942857142857,67,29,2026-03-29T17:27:21.780-07:00
user_511,70,21,7,5,1233.56,246.712,63,31,2026-03-29T12:30:21.780-07:00
user_770,58,14,12,7,2109.0,301.2857142857143,63,28,2026-03-29T17:05:21.780-07:00
user_995,57,19,12,1,34.69,34.69,64,28,2026-03-29T15:06:21.780-07:00
user_705,59,26,7,6,1310.73,218.455,60,29,2026-03-29T13:59:21.780-07:00
user_407,60,15,11,5,1439.33,287.866,65,28,2026-03-28T17:46:21.780-07:00
user_521,73,22,10,10,2434.95,243.49499999999998,68,30,2026-03-29T13:26:21.780-07:00
user_302,62,35,9,5,1674.46,334.892,69,31,2026-03-29T10:19:21.780-07:00
user_996,96,22,10,6,1109.41,184.90166666666667,71,30,2026-03-29T14:20:21.780-07:00
user_160,62,22,6,5,1652.47,330.494,60,28,2026-03-29T16:30:21.780-07:00
user_335,71,16,7,6,1695.22,282.5366666666667,62,29,2026-03-28T21:49:21.780-07:00
user_889,77,23,8,2,605.24,302.62,60,29,2026-03-29T09:27:21.780-07:00
user_304,51,11,13,4,1219.44,304.86,56,29,2026-03-29T11:06:21.780-07:00
user_156,68,22,10,4,932.55,233.1375,64,29,2026-03-29T07:03:21.780-07:00
user_588,55,19,7,1,431.88,431.88,54,31,2026-03-29T07:29:21.780-07:00
user_392,81,19,8,4,552.4,138.1,64,30,2026-03-29T14:33:21.780-07:00
user_202,51,11,17,8,1718.24,214.78,64,30,2026-03-29T08:02:21.780-07:00
user_563,55,20,8,3,819.42,273.14,56,30,2026-03-29T16:45:21.780-07:00
user_776,62,13,9,4,1481.69,370.4225,57,30,2026-03-29T09:57:21.780-07:00
user_535,53,23,6,4,658.65,164.6625,59,29,2026-03-29T09:32:21.780-07:00
user_737,70,18,13,9,2679.8899999999994,297.76555555555547,67,29,2026-03-29T13:29:21.780-07:00
user_622,69,25,13,4,1319.3700000000001,329.84250000000003,65,30,2026-03-29T17:21:21.780-07:00
user_909,70,18,7,4,454.71,113.6775,67,30,2026-03-29T10:34:21.780-07:00
user_731,78,17,10,9,1415.73,157.30333333333334,69,30,2026-03-29T17:44:21.780-07:00
user_338,50,22,16,8,1874.4700000000003,234.30875000000003,61,29,2026-03-29T11:31:21.780-07:00
user_970,61,29,13,4,781.26,195.315,64,30,2026-03-29T02:55:21.780-07:00
user_376,58,21,10,7,1683.42,240.48857142857145,61,30,2026-03-29T16:11:21.780-07:00
user_125,65,22,9,5,1344.07,268.81399999999996,63,30,2026-03-29T14:49:21.780-07:00
user_75,71,16,12,5,1036.5900000000001,207.31800000000004,69,31,2026-03-29T16:52:21.780-07:00
user_455,74,22,2,3,834.36,278.12,67,29,2026-03-29T04:00:21.780-07:00
user_733,68,27,4,4,1301.25,325.3125,63,31,2026-03-29T18:11:21.780-07:00
user_236,50,12,8,4,850.2,212.55,55,28,2026-03-29T13:18:21.780-07:00
user_830,65,23,7,5,1271.8899999999999,254.378,64,30,2026-03-29T05:52:21.780-07:00
user_388,61,22,7,2,435.08000000000004,217.54000000000002,59,31,2026-03-29T12:41:21.780-07:00
user_566,75,30,11,9,2510.1,278.9,71,30,2026-03-29T04:53:21.780-07:00
user_820,66,19,16,2,637.12,318.56,67,31,2026-03-29T08:25:21.780-07:00
user_839,55,26,7,5,1618.92,323.784,61,28,2026-03-29T11:25:21.780-07:00
user_390,62,24,10,4,1820.8799999999999,455.21999999999997,60,31,2026-03-29T13:59:21.780-07:00
user_128,54,20,9,6,1030.2,171.70000000000002,54,30,2026-03-29T17:43:21.780-07:00
user_742,70,14,12,5,1852.3200000000002,370.46400000000006,64,31,2026-03-29T15:17:21.780-07:00
user_671,57,27,9,4,1020.4100000000001,255.10250000000002,62,31,2026-03-29T15:03:21.780-07:00
user_13,59,17,10,5,873.8,174.76,60,29,2026-03-29T11:02:21.780-07:00
user_39,61,23,8,5,1321.4099999999999,264.282,63,28,2026-03-28T17:41:21.780-07:00
user_323,64,17,8,6,1257.7299999999998,209.62166666666664,64,30,2026-03-29T16:51:21.780-07:00
user_542,70,33,7,5,1717.4399999999998,343.48799999999994,72,30,2026-03-29T17:08:21.780-07:00
user_429,84,23,5,5,992.01,198.402,73,29,2026-03-29T09:44:21.780-07:00
user_51,66,20,8,3,431.12,143.70666666666668,62,29,2026-03-29T15:11:21.780-07:00
user_650,70,19,4,3,735.53,245.17666666666665,59,30,2026-03-29T13:16:21.780-07:00
user_992,70,16,10,4,1478.38,369.595,67,29,2026-03-29T09:25:21.780-07:00
user_266,69,22,6,3,539.55,179.85,54,30,2026-03-29T04:37:21.780-07:00
user_784,58,21,7,5,1622.76,324.552,59,29,2026-03-29T09:18:21.780-07:00
user_701,72,13,12,4,704.62,176.155,71,30,2026-03-29T10:48:21.780-07:00
user_682,65,21,13,8,2022.3899999999999,252.79874999999998,58,29,2026-03-29T15:56:21.780-07:00
user_997,53,26,12,5,881.61,176.322,57,30,2026-03-29T17:47:21.780-07:00
user_500,68,16,5,3,402.07000000000005,134.02333333333334,61,27,2026-03-29T02:30:21.780-07:00
user_225,73,20,19,12,3158.8799999999997,263.23999999999995,71,31,2026-03-29T06:24:21.780-07:00
user_95,64,23,7,2,665.31,332.655,65,30,2026-03-29T15:34:21.780-07:00
user_658,52,21,8,6,2025.17,337.52833333333336,60,30,2026-03-29T08:27:21.780-07:00
user_450,78,16,10,4,747.77,186.9425,62,29,2026-03-29T18:18:21.780-07:00
user_7,70,12,12,9,1695.5,188.38888888888889,67,31,2026-03-29T12:51:21.780-07:00
user_277,74,15,10,3,727.81,242.60333333333332,69,30,2026-03-29T18:11:21.780-07:00
user_355,66,21,10,8,2193.3799999999997,274.17249999999996,59,30,2026-03-29T14:46:21.780-07:00
user_282,75,19,11,9,2124.2,236.0222222222222,74,30,2026-03-29T15:30:21.780-07:00
user_730,64,8,14,7,2206.77,315.2528571428571,58,29,2026-03-29T08:33:21.780-07:00
user_920,61,23,10,2,537.3,268.65,66,30,2026-03-29T12:26:21.780-07:00
user_451,61,16,10,3,785.06,261.68666666666667,58,31,2026-03-29T17:54:21.780-07:00
user_644,63,20,3,10,2752.0600000000004,275.206,63,27,2026-03-28T20:57:21.780-07:00
user_645,72,16,13,2,441.99,220.995,63,31,2026-03-29T17:01:21.780-07:00
user_832,67,16,5,5,1177.0900000000001,235.41800000000003,62,29,2026-03-29T14:56:21.780-07:00
user_179,63,17,8,10,2532.76,253.276,68,28,2026-03-29T18:04:21.780-07:00
user_625,60,20,7,5,311.67,62.334,63,31,2026-03-29T14:59:21.780-07:00
user_52,60,20,12,8,2151.23,268.90375,63,29,2026-03-29T10:22:21.780-07:00
user_649,67,17,7,8,1530.5,191.3125,61,28,2026-03-28T19:17:21.780-07:00
user_834,74,26,10,3,705.67,235.22333333333333,64,31,2026-03-29T08:49:21.780-07:00
user_175,76,20,15,3,758.02,252.67333333333332,64,30,2026-03-29T13:49:21.780-07:00
user_347,85,19,14,2,413.87,206.935,67,31,2026-03-29T14:13:21.780-07:00
user_668,81,21,12,4,822.72,205.68,76,31,2026-03-29T12:41:21.780-07:00
user_596,57,13,8,4,852.28,213.07,60,27,2026-03-28T23:42:21.780-07:00
user_81,65,25,9,6,2160.59,360.09833333333336,72,31,2026-03-29T16:37:21.780-07:00
user_947,62,18,11,4,667.0,166.75,61,29,2026-03-29T05:51:21.780-07:00
user_382,53,27,14,4,1213.25,303.3125,60,30,2026-03-29T17:52:21.780-07:00
user_204,61,14,13,7,1377.6100000000001,196.8014285714286,59,29,2026-03-29T17:09:21.780-07:00
user_505,74,23,10,9,2186.49,242.9433333333333,71,31,2026-03-29T16:34:21.780-07:00
user_793,66,26,11,8,2209.45,276.18125,70,29,2026-03-29T14:59:21.780-07:00
user_823,61,27,12,7,2249.04,321.2914285714286,65,30,2026-03-29T14:35:21.780-07:00
user_488,64,25,12,5,1688.8300000000002,337.766,70,28,2026-03-29T14:53:21.780-07:00
user_195,72,13,13,3,781.3,260.43333333333334,68,30,2026-03-29T08:44:21.780-07:00
user_384,62,15,11,6,1161.41,193.56833333333336,64,29,2026-03-29T17:27:21.780-07:00
user_233,72,15,10,6,1291.57,215.26166666666666,62,30,2026-03-29T17:00:21.780-07:00
user_5,65,22,11,4,963.66,240.915,70,28,2026-03-29T17:22:21.780-07:00
user_9,60,18,11,4,1118.21,279.5525,60,28,2026-03-29T15:57:21.780-07:00
user_568,72,22,7,3,815.6,271.8666666666667,65,31,2026-03-29T13:57:21.780-07:00
user_265,65,15,15,3,867.58,289.1933333333333,63,27,2026-03-29T10:21:21.780-07:00
user_356,58,20,9,5,772.39,154.478,66,28,2026-03-29T09:30:21.780-07:00
user_108,61,18,5,2,644.62,322.31,65,27,2026-03-28T15:04:21.780-07:00
user_20,78,19,9,7,2011.55,287.3642857142857,78,30,2026-03-29T16:34:21.780-07:00
user_703,68,26,6,1,214.29,214.29,61,30,2026-03-29T15:26:21.780-07:00
user_569,75,18,14,4,1014.59,253.6475,70,30,2026-03-29T16:02:21.780-07:00
user_886,74,25,10,1,318.44,318.44,63,29,2026-03-29T16:43:21.780-07:00
user_765,54,18,13,7,2348.6800000000003,335.52571428571434,67,29,2026-03-28T12:16:21.780-07:00
user_775,62,22,19,4,677.69,169.4225,68,30,2026-03-29T03:43:21.780-07:00
user_71,57,20,11,7,2035.6699999999998,290.81,56,29,2026-03-29T03:27:21.780-07:00
user_281,62,25,5,3,789.27,263.09,57,28,2026-03-29T18:11:21.780-07:00
user_480,60,27,10,5,1083.2800000000002,216.65600000000003,65,28,2026-03-29T13:15:21.780-07:00
user_83,58,21,11,6,2130.4,355.06666666666666,63,30,2026-03-29T15:13:21.780-07:00
user_247,65,19,12,5,1694.79,338.95799999999997,58,30,2026-03-29T17:07:21.780-07:00
user_956,74,23,9,4,643.2900000000001,160.82250000000002,64,30,2026-03-29T15:58:21.780-07:00
user_676,68,33,8,3,977.75,325.9166666666667,69,31,2026-03-29T16:24:21.780-07:00
user_471,58,16,8,5,1047.4099999999999,209.48199999999997,64,30,2026-03-29T15:10:21.780-07:00
user_652,68,13,10,4,567.19,141.7975,63,29,2026-03-29T16:30:21.780-07:00
user_788,63,27,9,2,247.62,123.81,73,29,2026-03-29T15:26:21.780-07:00
user_309,71,22,10,7,1123.97,160.56714285714287,69,30,2026-03-29T16:40:21.780-07:00
user_103,75,30,14,6,1419.51,236.585,72,31,2026-03-29T16:28:21.780-07:00
user_271,60,18,6,2,811.4200000000001,405.71000000000004,54,30,2026-03-29T10:32:21.780-07:00
user_64,55,16,11,5,938.72,187.744,57,28,2026-03-29T00:46:21.780-07:00
user_288,73,30,10,4,1427.9099999999999,356.97749999999996,66,29,2026-03-29T13:22:21.780-07:00
user_518,69,21,7,2,738.0,369.0,64,30,2026-03-29T11:59:21.780-07:00
user_614,65,11,7,5,1844.53,368.906,61,29,2026-03-29T09:07:21.780-07:00
user_848,64,30,13,6,1297.01,216.16833333333332,71,30,2026-03-29T16:52:21.780-07:00
user_669,61,21,8,5,965.77,193.154,62,29,2026-03-28T23:36:21.780-07:00
user_743,65,21,8,5,1448.19,289.63800000000003,62,28,2026-03-28T23:50:21.780-07:00
user_843,54,21,7,9,2536.26,281.8066666666667,54,30,2026-03-29T17:49:21.780-07:00
user_725,68,25,10,4,817.55,204.3875,66,30,2026-03-29T04:44:21.780-07:00
user_394,82,14,10,3,745.1800000000001,248.39333333333335,70,30,2026-03-29T05:11:21.780-07:00
user_401,57,17,13,5,1324.28,264.856,63,31,2026-03-29T16:38:21.780-07:00
user_326,79,23,8,5,1081.8,216.35999999999999,66,29,2026-03-29T17:01:21.780-07:00
user_704,68,20,6,3,528.16,176.0533333333333,62,29,2026-03-28T23:26:21.780-07:00
user_727,72,15,9,2,630.52,315.26,61,31,2026-03-29T08:52:21.780-07:00
user_908,71,19,7,5,1563.69,312.738,60,31,2026-03-29T03:12:21.780-07:00
user_939,59,14,13,5,1625.68,325.136,58,30,2026-03-29T16:30:21.780-07:00
user_648,65,15,10,3,962.4100000000001,320.80333333333334,64,30,2026-03-29T00:39:21.780-07:00
user_297,74,16,10,3,807.9499999999999,269.31666666666666,64,26,2026-03-28T16:25:21.780-07:00
user_837,64,16,7,5,723.9200000000001,144.78400000000002,59,29,2026-03-29T02:53:21.780-07:00
user_45,60,16,6,6,1730.21,288.36833333333334,62,29,2026-03-29T18:18:21.780-07:00
user_123,76,15,7,4,1038.43,259.6075,60,28,2026-03-29T17:24:21.780-07:00
user_617,79,32,21,7,1519.24,217.03428571428572,84,30,2026-03-29T14:29:21.780-07:00
user_670,68,24,8,2,518.38,259.19,62,31,2026-03-29T17:56:21.780-07:00
user_845,55,18,10,1,215.7,215.7,62,26,2026-03-29T13:46:21.780-07:00
user_135,62,17,14,3,1082.17,360.72333333333336,62,29,2026-03-29T18:22:21.780-07:00
user_921,67,25,7,8,2116.1,264.5125,68,30,2026-03-29T17:31:21.780-07:00
user_638,77,19,14,1,327.66,327.66,65,30,2026-03-29T09:22:21.780-07:00
user_824,48,20,11,2,910.27,455.135,61,28,2026-03-29T14:36:21.780-07:00
user_907,48,23,17,3,535.62,178.54,61,29,2026-03-29T11:25:21.780-07:00
user_141,66,15,10,5,1504.54,300.908,63,30,2026-03-28T22:03:21.780-07:00
user_702,85,22,13,6,703.36,117.22666666666667,74,31,2026-03-29T12:26:21.780-07:00
user_812,52,24,11,7,2145.3900000000003,306.48428571428576,64,28,2026-03-29T04:47:21.780-07:00
user_607,71,13,9,1,47.16,47.16,62,29,2026-03-29T12:54:21.780-07:00
user_93,58,20,4,6,1277.6599999999999,212.9433333333333,55,30,2026-03-29T16:23:21.780-07:00
user_961,52,20,9,4,872.75,218.1875,60,31,2026-03-29T11:44:21.780-07:00
user_840,65,21,13,5,1202.97,240.594,63,31,2026-03-29T11:10:21.780-07:00
user_343,59,15,16,9,2367.2,263.0222222222222,65,29,2026-03-29T06:12:21.780-07:00
user_851,56,25,7,2,535.7,267.85,59,27,2026-03-29T03:06:21.780-07:00
user_610,65,25,7,2,431.06,215.53,58,30,2026-03-29T16:55:21.780-07:00
user_144,75,16,13,2,451.68,225.84,66,30,2026-03-29T06:08:21.780-07:00
user_806,52,21,8,4,1324.85,331.2125,58,29,2026-03-29T10:10:21.780-07:00
user_999,98,20,12,4,1066.05,266.5125,73,29,2026-03-29T11:37:21.780-07:00
user_592,70,18,14,5,1149.83,229.96599999999998,65,31,2026-03-29T07:14:21.780-07:00
user_883,63,16,9,8,1887.53,235.94125,62,29,2026-03-29T11:36:21.780-07:00
user_454,53,22,8,5,918.5599999999998,183.71199999999996,58,26,2026-03-28T18:12:21.780-07:00
user_174,67,22,3,3,907.87,302.62333333333333,61,29,2026-03-29T16:55:21.780-07:00
user_808,64,17,5,5,1361.9299999999998,272.38599999999997,58,30,2026-03-29T10:31:21.780-07:00
user_982,65,24,8,5,1423.05,284.61,66,30,2026-03-29T17:43:21.780-07:00
user_904,66,14,8,2,434.99,217.495,61,28,2026-03-29T08:50:21.780-07:00
user_218,56,25,10,2,104.49000000000001,52.245000000000005,63,30,2026-03-29T16:36:21.780-07:00
user_106,74,18,9,3,601.44,200.48000000000002,65,29,2026-03-29T12:19:21.780-07:00
user_453,62,26,7,4,1725.67,431.4175,66,30,2026-03-29T09:35:21.780-07:00
user_517,69,20,9,5,1096.3,219.26,67,30,2026-03-29T08:25:21.780-07:00
user_954,62,18,9,3,802.52,267.50666666666666,59,30,2026-03-29T15:30:21.780-07:00
user_127,55,29,9,7,1505.2399999999998,215.0342857142857,65,30,2026-03-29T14:48:21.780-07:00
user_1000,72,21,11,4,924.9699999999999,231.24249999999998,62,29,2026-03-29T18:06:21.780-07:00
user_795,50,20,6,3,534.16,178.0533333333333,51,28,2026-03-29T17:39:21.780-07:00
user_72,66,21,16,4,1220.0900000000001,305.02250000000004,66,29,2026-03-29T17:28:21.780-07:00
user_462,58,21,11,6,2253.83,375.6383333333333,60,27,2026-03-29T08:50:21.780-07:00
user_483,55,14,12,11,2740.9399999999996,249.1763636363636,61,30,2026-03-29T15:28:21.780-07:00
user_331,66,23,14,5,1310.42,262.084,66,31,2026-03-29T17:50:21.780-07:00
user_339,65,17,7,6,1189.02,198.17,68,27,2026-03-29T08:51:21.780-07:00
user_253,65,20,9,4,799.52,199.88,58,29,2026-03-29T16:36:21.780-07:00
user_959,61,22,5,2,65.44999999999999,32.724999999999994,59,29,2026-03-29T04:00:21.780-07:00
user_239,59,18,5,6,1655.02,275.83666666666664,62,29,2026-03-29T11:29:21.780-07:00
user_626,66,15,8,9,2898.81,322.09,63,27,2026-03-29T05:11:21.780-07:00
user_479,77,22,14,2,688.8599999999999,344.42999999999995,76,30,2026-03-29T13:51:21.780-07:00
user_802,57,21,14,4,945.1999999999999,236.29999999999998,58,28,2026-03-29T17:46:21.780-07:00
user_48,69,17,11,4,1465.34,366.335,63,30,2026-03-29T04:44:21.780-07:00
user_164,68,13,10,4,739.8,184.95,63,29,2026-03-29T10:58:21.780-07:00
user_4,63,23,6,4,1082.0,270.5,68,27,2026-03-28T19:58:21.780-07:00
user_536,69,29,5,8,2565.85,320.73125,71,31,2026-03-29T09:52:21.780-07:00
user_604,60,20,11,6,1691.56,281.9266666666667,63,30,2026-03-29T15:23:21.780-07:00
user_862,56,17,14,3,715.56,238.51999999999998,60,30,2026-03-29T14:01:21.780-07:00
user_148,72,19,8,4,1212.66,303.165,67,31,2026-03-29T15:47:21.780-07:00
user_859,50,18,8,11,2798.14,254.37636363636364,63,29,2026-03-29T04:56:21.780-07:00
user_421,76,24,13,4,789.39,197.3475,65,31,2026-03-29T16:10:21.780-07:00
user_573,59,20,8,3,668.8199999999999,222.93999999999997,63,28,2026-03-29T17:58:21.780-07:00
user_46,70,16,11,5,1593.58,318.716,65,30,2026-03-29T06:36:21.780-07:00
user_673,73,20,5,5,1247.8,249.56,63,31,2026-03-29T16:36:21.780-07:00
user_260,56,19,12,3,822.4,274.1333333333333,60,28,2026-03-28T19:25:21.780-07:00
user_259,52,21,16,6,1259.34,209.89,67,28,2026-03-28T16:55:21.780-07:00
user_1,55,22,9,5,1383.99,276.798,62,27,2026-03-29T15:25:21.780-07:00
user_188,62,25,14,2,251.59,125.795,66,30,2026-03-29T16:02:21.780-07:00
user_901,59,19,10,1,138.6,138.6,62,29,2026-03-29T05:49:21.780-07:00
user_629,65,20,16,5,1048.62,209.724,67,30,2026-03-28T21:52:21.780-07:00
user_10,61,16,16,6,1901.38,316.8966666666667,62,31,2026-03-29T05:29:21.780-07:00
user_905,69,19,8,3,988.25,329.4166666666667,69,30,2026-03-29T09:37:21.780-07:00
user_427,48,26,13,3,757.5600000000001,252.52,59,28,2026-03-29T18:10:21.780-07:00
user_780,72,23,4,7,1755.17,250.73857142857145,68,31,2026-03-29T16:56:21.780-07:00
user_979,56,24,9,7,1329.83,189.97571428571428,62,29,2026-03-29T18:09:21.780-07:00
user_724,60,21,8,5,1221.99,244.398,59,31,2026-03-29T18:08:21.780-07:00
user_130,55,15,8,5,1387.9900000000002,277.59800000000007,55,30,2026-03-29T08:17:21.780-07:00
user_158,64,25,9,11,1972.9299999999998,179.35727272727271,66,30,2026-03-29T07:52:21.780-07:00
user_759,53,11,8,4,1366.65,341.6625,52,26,2026-03-29T13:00:21.780-07:00
user_28,55,19,4,4,1213.72,303.43,50,31,2026-03-29T17:24:21.780-07:00
user_252,56,16,12,2,543.75,271.875,57,30,2026-03-29T00:13:21.780-07:00
user_102,55,16,12,5,1487.04,297.408,57,28,2026-03-28T22:02:21.780-07:00
user_631,69,28,14,3,662.73,220.91,70,31,2026-03-29T18:12:21.780-07:00
user_726,58,26,17,7,1255.92,179.41714285714286,65,30,2026-03-29T12:39:21.780-07:00
user_867,62,27,7,6,2001.35,333.55833333333334,66,29,2026-03-29T14:08:21.780-07:00
user_154,70,27,7,7,2345.5299999999997,335.07571428571424,68,29,2026-03-29T16:56:21.780-07:00
user_373,58,15,13,0,0.0,0.0,48,29,2026-03-29T14:03:21.780-07:00
user_761,68,20,11,7,1521.3600000000001,217.33714285714288,68,29,2026-03-29T13:43:21.780-07:00
user_184,64,25,12,5,969.2100000000002,193.84200000000004,69,29,2026-03-29T04:27:21.780-07:00
user_898,70,13,10,6,1619.5,269.9166666666667,70,29,2026-03-29T17:52:21.780-07:00
user_786,65,19,12,8,1479.0900000000001,184.88625000000002,64,29,2026-03-29T13:34:21.780-07:00
user_628,60,15,9,11,2086.0299999999997,189.6390909090909,64,29,2026-03-29T17:08:21.780-07:00
user_849,72,18,11,2,626.27,313.135,67,31,2026-03-29T16:24:21.780-07:00
user_12,67,21,9,2,784.31,392.155,58,31,2026-03-29T17:33:21.780-07:00
user_213,49,29,12,5,949.9200000000001,189.984,61,26,2026-03-29T17:55:21.780-07:00
user_510,68,26,10,6,1397.1799999999998,232.86333333333332,68,27,2026-03-29T06:17:21.780-07:00
user_399,61,13,5,8,1856.57,232.07125,60,28,2026-03-29T18:11:21.780-07:00
user_348,65,19,9,8,2375.46,296.9325,60,30,2026-03-29T11:50:21.780-07:00
user_206,52,19,7,2,542.27,271.135,56,27,2026-03-29T14:48:21.780-07:00
user_320,82,24,9,4,1035.59,258.8975,72,28,2026-03-29T18:19:21.780-07:00
user_817,68,17,9,9,2375.79,263.9766666666667,64,29,2026-03-29T16:12:21.780-07:00
user_269,74,21,11,11,2553.68,232.15272727272725,67,30,2026-03-29T17:30:21.780-07:00
user_543,60,20,10,3,1074.29,358.09666666666664,59,28,2026-03-29T01:46:21.780-07:00
user_526,71,17,11,7,1760.0000000000002,251.42857142857147,65,30,2026-03-29T14:14:21.780-07:00
user_290,61,27,6,6,1243.6,207.26666666666665,63,30,2026-03-29T12:49:21.780-07:00
user_549,63,16,13,6,1799.5000000000002,299.9166666666667,68,30,2026-03-29T16:40:21.780-07:00
user_487,60,24,8,4,906.28,226.57,62,29,2026-03-29T17:19:21.780-07:00
user_32,62,18,10,8,2297.3600000000006,287.1700000000001,63,29,2026-03-29T08:24:21.780-07:00
user_176,56,19,6,5,1256.7800000000002,251.35600000000005,67,29,2026-03-28T18:02:21.780-07:00
user_365,66,23,6,4,602.53,150.6325,65,29,2026-03-29T18:19:21.780-07:00
user_953,58,19,13,5,1316.25,263.25,58,29,2026-03-29T04:34:21.780-07:00
user_816,68,13,8,6,1274.91,212.485,67,26,2026-03-29T14:35:21.780-07:00
user_417,60,17,14,2,457.37,228.685,63,30,2026-03-29T07:41:21.780-07:00
user_532,73,20,5,2,686.8100000000001,343.40500000000003,68,31,2026-03-29T05:07:21.780-07:00
user_835,62,19,10,8,2369.5699999999997,296.19624999999996,68,29,2026-03-29T14:56:21.780-07:00
user_809,88,22,9,8,2158.21,269.77625,67,30,2026-03-29T09:36:21.780-07:00
user_882,63,21,11,10,2001.5300000000002,200.15300000000002,70,31,2026-03-29T00:08:21.780-07:00
user_420,64,15,12,3,678.44,226.14666666666668,63,29,2026-03-29T16:20:21.780-07:00
user_942,53,12,9,4,1436.5,359.125,54,29,2026-03-29T14:50:21.780-07:00
user_181,78,19,12,2,269.4,134.7,65,30,2026-03-29T15:11:21.780-07:00
user_62,50,22,9,5,1429.82,285.964,59,30,2026-03-29T17:43:21.780-07:00
user_857,66,23,18,2,838.0899999999999,419.04499999999996,76,30,2026-03-29T15:30:21.780-07:00
user_197,62,31,9,8,1899.44,237.43,64,30,2026-03-29T11:24:21.780-07:00
user_82,68,22,9,11,2692.68,244.7890909090909,63,28,2026-03-28T19:44:21.780-07:00
user_639,65,17,14,5,1481.7599999999998,296.352,61,28,2026-03-29T17:11:21.780-07:00
user_229,73,19,7,4,901.87,225.4675,59,30,2026-03-29T15:17:21.780-07:00
user_689,63,15,9,2,647.38,323.69,57,30,2026-03-29T15:24:21.780-07:00
user_434,61,17,7,3,1166.6100000000001,388.87000000000006,57,29,2026-03-29T02:23:21.780-07:00
user_657,70,17,11,6,1821.3899999999999,303.565,69,30,2026-03-29T09:45:21.780-07:00
user_630,62,29,11,3,400.12,133.37333333333333,61,30,2026-03-29T08:35:21.780-07:00
user_684,68,25,8,4,1255.88,313.97,63,30,2026-03-29T08:23:21.780-07:00
user_220,65,29,10,11,1966.5400000000002,178.77636363636364,68,31,2026-03-29T15:21:21.780-07:00
user_946,70,25,11,5,1210.4699999999998,242.09399999999997,73,31,2026-03-29T13:35:21.780-07:00
user_632,75,20,5,2,820.3199999999999,410.15999999999997,69,29,2026-03-29T09:53:21.780-07:00
user_107,56,20,7,6,1218.47,203.07833333333335,59,30,2026-03-29T16:03:21.780-07:00
user_512,51,25,21,5,1126.8000000000002,225.36000000000004,64,30,2026-03-29T10:14:21.780-07:00
user_400,70,31,9,3,1116.56,372.18666666666667,71,31,2026-03-29T11:08:21.780-07:00
user_752,58,19,9,5,1887.74,377.548,59,28,2026-03-29T11:38:21.780-07:00
user_357,64,21,5,6,1789.4499999999998,298.2416666666666,57,29,2026-03-29T18:14:21.780-07:00
user_616,47,19,12,5,1262.7900000000002,252.55800000000005,57,28,2026-03-29T17:30:21.780-07:00
user_934,70,21,10,3,722.11,240.70333333333335,66,31,2026-03-29T16:30:21.780-07:00
user_735,63,19,13,5,841.7700000000001,168.354,64,29,2026-03-28T21:01:21.780-07:00
user_308,77,13,9,3,932.86,310.9533333333333,68,27,2026-03-29T06:13:21.780-07:00
user_952,72,19,10,5,1544.2,308.84000000000003,63,31,2026-03-29T16:34:21.780-07:00
user_548,61,14,6,5,1340.02,268.004,60,29,2026-03-29T14:16:21.780-07:00
user_598,53,18,8,7,1417.5,202.5,60,29,2026-03-29T10:23:21.780-07:00
user_577,64,17,8,7,1480.71,211.53,70,30,2026-03-29T15:03:21.780-07:00
user_686,65,19,10,4,1225.81,306.4525,65,30,2026-03-29T11:42:21.780-07:00
user_250,65,12,15,4,1335.4299999999998,333.85749999999996,61,30,2026-03-29T18:06:21.780-07:00
user_910,74,18,10,5,1215.2,243.04000000000002,63,30,2026-03-29T15:13:21.780-07:00
user_822,67,22,9,6,1223.92,203.98666666666668,63,28,2026-03-29T14:58:21.780-07:00
user_945,76,19,7,8,2655.86,331.9825,77,28,2026-03-28T15:45:21.780-07:00
user_729,65,22,12,6,714.9300000000001,119.15500000000002,64,30,2026-03-29T15:32:21.780-07:00
user_643,73,26,11,5,1386.64,277.32800000000003,70,29,2026-03-29T10:12:21.780-07:00
user_137,50,24,5,3,949.8399999999999,316.6133333333333,59,29,2026-03-29T16:31:21.780-07:00
user_139,58,29,11,5,1723.6200000000001,344.72400000000005,66,30,2026-03-29T04:38:21.780-07:00
user_711,75,20,6,4,1155.8600000000001,288.96500000000003,61,29,2026-03-28T17:43:21.780-07:00
user_885,75,14,10,3,680.35,226.78333333333333,63,30,2026-03-28T21:58:21.780-07:00
user_336,75,23,7,3,852.0300000000001,284.01000000000005,65,28,2026-03-29T08:34:21.780-07:00
user_377,68,19,10,5,960.1700000000001,192.03400000000002,65,30,2026-03-29T04:17:21.780-07:00
user_971,64,13,10,4,1282.6299999999999,320.65749999999997,65,30,2026-03-29T08:43:21.780-07:00
user_79,66,20,7,5,864.21,172.842,63,30,2026-03-29T14:47:21.780-07:00
user_223,52,24,8,9,2227.7200000000003,247.52444444444447,62,27,2026-03-27T08:35:21.780-07:00
user_234,66,23,9,10,2732.08,273.20799999999997,62,29,2026-03-29T17:57:21.780-07:00
user_53,72,17,8,3,942.5799999999999,314.1933333333333,62,31,2026-03-29T18:03:21.780-07:00
user_712,67,28,10,10,2526.71,252.671,69,31,2026-03-29T09:15:21.780-07:00
user_442,55,16,12,2,479.87,239.935,62,28,2026-03-29T11:28:21.780-07:00
user_821,49,17,11,5,1261.65,252.33,58,28,2026-03-29T17:52:21.780-07:00
user_915,53,17,6,6,1360.63,226.77166666666668,51,28,2026-03-29T13:09:21.780-07:00
user_785,72,29,10,1,438.08,438.08,65,30,2026-03-29T12:51:21.780-07:00
user_912,52,13,14,2,666.83,333.415,56,29,2026-03-29T13:56:21.780-07:00
user_210,62,24,9,3,782.54,260.84666666666664,65,30,2026-03-29T09:53:21.780-07:00
user_167,80,27,5,7,1772.45,253.20714285714286,66,29,2026-03-29T11:35:21.780-07:00
user_219,67,31,8,4,645.4,161.35,68,31,2026-03-29T13:00:21.780-07:00
user_459,65,18,11,5,1335.8,267.15999999999997,60,30,2026-03-29T11:03:21.780-07:00
user_736,54,25,8,8,1716.37,214.54625,57,30,2026-03-29T05:53:21.780-07:00
user_194,55,20,11,2,751.46,375.73,54,31,2026-03-29T08:57:21.780-07:00
user_268,69,14,5,2,517.8,258.9,50,29,2026-03-29T11:34:21.780-07:00
user_756,54,18,7,8,1529.4499999999998,191.18124999999998,60,28,2026-03-29T10:05:21.780-07:00
user_570,68,20,12,6,1662.9399999999998,277.15666666666664,69,30,2026-03-29T01:10:21.780-07:00
user_723,53,12,10,6,1519.38,253.23000000000002,62,29,2026-03-29T17:48:21.780-07:00
user_524,62,19,8,3,1113.17,371.0566666666667,57,28,2026-03-29T12:54:21.780-07:00
user_140,68,11,11,1,284.56,284.56,65,30,2026-03-29T17:49:21.780-07:00
user_589,64,20,10,5,1328.44,265.688,60,29,2026-03-29T14:30:21.780-07:00
user_748,54,20,8,5,1301.69,260.338,55,29,2026-03-29T16:40:21.780-07:00
user_900,59,18,9,7,2231.6800000000003,318.8114285714286,60,30,2026-03-29T14:29:21.780-07:00
user_40,68,16,5,5,1852.41,370.482,58,30,2026-03-29T17:17:21.780-07:00
user_43,78,19,6,4,1401.42,350.355,68,26,2026-03-29T17:08:21.780-07:00
user_50,38,24,5,4,1353.13,338.2825,53,26,2026-03-28T17:45:21.780-07:00
user_162,66,23,5,6,1405.83,234.30499999999998,64,28,2026-03-28T23:38:21.780-07:00
user_443,68,9,2,1,225.12,225.12,53,28,2026-03-29T11:12:21.780-07:00
user_409,73,17,7,3,971.8299999999999,323.9433333333333,65,30,2026-03-29T14:00:21.780-07:00
user_587,77,20,4,5,1618.72,323.744,67,29,2026-03-28T17:47:21.780-07:00
user_226,64,24,6,6,1384.7899999999997,230.7983333333333,63,30,2026-03-29T07:33:21.780-07:00
user_864,65,19,10,8,2191.29,273.91125,63,31,2026-03-29T08:50:21.780-07:00
user_615,74,19,9,10,2377.74,237.77399999999997,69,30,2026-03-29T15:47:21.780-07:00
user_41,73,19,9,5,1600.5900000000001,320.11800000000005,65,31,2026-03-29T02:41:21.780-07:00
user_980,52,18,12,4,1387.82,346.955,55,27,2026-03-29T10:21:21.780-07:00
user_562,62,19,9,2,81.33,40.665,61,29,2026-03-29T02:53:21.780-07:00
user_307,73,20,8,2,564.04,282.02,61,31,2026-03-29T10:44:21.780-07:00
user_414,68,28,9,8,2783.67,347.95875,68,29,2026-03-29T14:24:21.780-07:00
user_529,68,14,10,9,2682.92,298.1022222222222,65,31,2026-03-29T11:49:21.780-07:00
user_836,66,18,13,5,1084.56,216.91199999999998,68,30,2026-03-29T12:11:21.780-07:00
user_783,76,16,10,11,3288.6600000000008,298.969090909091,68,28,2026-03-28T23:32:21.780-07:00
user_501,59,22,9,3,958.0,319.3333333333333,60,29,2026-03-29T07:13:21.780-07:00
user_527,56,11,13,4,1304.28,326.07,54,30,2026-03-29T11:04:21.780-07:00
user_974,88,17,12,3,1005.54,335.18,68,29,2026-03-29T08:34:21.780-07:00
user_497,50,17,16,9,2276.47,252.9411111111111,59,26,2026-03-27T17:00:21.780-07:00
user_412,55,25,14,3,426.09000000000003,142.03,61,29,2026-03-29T13:38:21.780-07:00
user_833,55,13,13,2,554.76,277.38,55,29,2026-03-29T16:25:21.780-07:00
user_869,64,24,12,4,466.13,116.5325,60,31,2026-03-29T03:47:21.780-07:00
user_182,67,19,8,12,3443.26,286.93833333333333,69,29,2026-03-29T17:22:21.780-07:00
user_371,78,17,13,2,665.8199999999999,332.90999999999997,66,30,2026-03-29T18:21:21.780-07:00
user_870,64,16,7,9,1719.6799999999998,191.07555555555552,60,28,2026-03-29T14:46:21.780-07:00
user_680,74,20,12,2,630.37,315.185,66,31,2026-03-29T12:06:21.780-07:00
user_642,62,21,10,6,1471.7199999999998,245.28666666666663,59,31,2026-03-29T17:33:21.780-07:00
user_49,69,19,12,6,1295.82,215.97,73,31,2026-03-29T16:12:21.780-07:00
user_386,70,20,14,3,281.81,93.93666666666667,66,30,2026-03-29T09:56:21.780-07:00
user_551,53,16,12,3,551.98,183.99333333333334,58,30,2026-03-29T10:35:21.780-07:00
user_556,54,20,10,5,1853.79,370.758,58,30,2026-03-29T14:22:21.780-07:00
user_275,66,19,12,8,1686.21,210.77625,69,29,2026-03-29T18:15:21.780-07:00
user_778,70,20,12,6,2162.27,360.37833333333333,74,31,2026-03-29T17:56:21.780-07:00
user_537,67,21,11,7,1886.27,269.46714285714285,69,30,2026-03-29T08:15:21.780-07:00
user_710,65,26,9,4,504.65999999999997,126.16499999999999,59,30,2026-03-29T09:08:21.780-07:00
user_169,68,16,13,4,997.37,249.3425,64,31,2026-03-29T17:14:21.780-07:00
user_251,62,21,10,3,645.61,215.20333333333335,61,29,2026-03-29T15:34:21.780-07:00
user_467,54,19,9,0,0.0,0.0,60,29,2026-03-29T08:10:21.780-07:00
user_718,73,19,8,5,1087.47,217.494,69,30,2026-03-29T10:06:21.780-07:00
user_11,70,17,3,7,1461.22,208.74571428571429,61,30,2026-03-29T16:08:21.780-07:00
user_911,70,21,15,7,1975.49,282.21285714285716,68,30,2026-03-29T18:10:21.780-07:00
user_413,50,15,11,6,1508.87,251.47833333333332,54,29,2026-03-29T09:26:21.780-07:00
user_146,70,24,11,7,2181.6899999999996,311.66999999999996,64,29,2026-03-29T12:35:21.780-07:00
user_716,64,17,10,7,1740.31,248.6157142857143,67,29,2026-03-29T14:58:21.780-07:00
user_601,69,16,12,5,1732.81,346.562,67,31,2026-03-29T15:42:21.780-07:00
user_387,54,21,13,7,1993.23,284.7471428571429,59,28,2026-03-29T18:09:21.780-07:00
user_919,74,15,4,3,894.29,298.09666666666664,63,29,2026-03-29T17:32:21.780-07:00
user_515,65,22,6,5,1414.4199999999998,282.88399999999996,66,31,2026-03-29T17:22:21.780-07:00
user_574,52,18,12,4,869.61,217.4025,60,31,2026-03-29T01:14:21.780-07:00
user_354,61,29,9,5,697.3199999999999,139.464,66,29,2026-03-28T21:09:21.780-07:00
user_59,75,14,8,4,928.91,232.2275,62,28,2026-03-28T17:39:21.780-07:00
user_153,74,20,8,3,171.39,57.129999999999995,67,28,2026-03-29T05:52:21.780-07:00
user_129,54,19,12,5,1389.9500000000003,277.99000000000007,64,30,2026-03-29T09:49:21.780-07:00
user_391,65,14,11,4,1292.6999999999998,323.17499999999995,61,29,2026-03-29T17:19:21.780-07:00
user_447,72,24,7,6,1423.19,237.19833333333335,68,30,2026-03-29T10:52:21.780-07:00
user_618,62,16,6,3,775.5999999999999,258.5333333333333,67,29,2026-03-29T15:22:21.780-07:00
user_325,58,19,9,5,1249.06,249.81199999999998,58,29,2026-03-29T12:21:21.780-07:00
user_410,80,10,10,4,1209.2,302.3,66,27,2026-03-29T17:25:21.780-07:00
user_299,72,20,11,7,2472.0099999999998,353.1442857142857,65,30,2026-03-29T18:05:21.780-07:00
user_237,61,12,8,3,910.12,303.37333333333333,67,29,2026-03-29T03:35:21.780-07:00
user_665,69,16,10,4,1026.94,256.735,63,29,2026-03-29T06:55:21.780-07:00
user_35,59,17,14,3,656.4,218.79999999999998,62,30,2026-03-29T03:54:21.780-07:00
user_436,60,19,12,4,1107.1699999999998,276.79249999999996,56,29,2026-03-29T16:08:21.780-07:00
user_342,62,27,5,6,1280.46,213.41,65,29,2026-03-29T13:25:21.780-07:00
user_902,53,18,16,1,307.59,307.59,59,30,2026-03-29T15:41:21.780-07:00
user_960,55,15,14,2,581.39,290.695,57,29,2026-03-29T17:01:21.780-07:00
user_221,69,12,11,2,306.16999999999996,153.08499999999998,55,29,2026-03-29T03:37:21.780-07:00
user_456,69,23,11,10,2724.09,272.409,72,29,2026-03-29T09:04:21.780-07:00
user_118,57,24,7,7,1653.6399999999999,236.2342857142857,62,30,2026-03-29T14:06:21.780-07:00
user_460,69,24,15,12,3248.6600000000003,270.7216666666667,80,30,2026-03-29T09:42:21.780-07:00
user_923,76,19,10,5,1187.0300000000002,237.40600000000003,65,31,2026-03-29T16:28:21.780-07:00
user_814,62,23,13,8,2269.33,283.66625,66,28,2026-03-29T08:52:21.780-07:00
user_981,66,14,11,0,0.0,0.0,62,29,2026-03-29T12:39:21.780-07:00
user_90,76,27,13,9,2928.15,325.35,67,30,2026-03-29T16:39:21.780-07:00
user_180,53,20,13,8,2271.7799999999997,283.97249999999997,65,29,2026-03-28T05:22:21.780-07:00
user_690,60,24,10,3,942.47,314.1566666666667,62,28,2026-03-29T08:41:21.780-07:00
user_67,66,15,8,6,2064.24,344.03999999999996,61,30,2026-03-29T16:37:21.780-07:00
user_597,77,22,7,1,410.35,410.35,62,31,2026-03-29T16:34:21.780-07:00
user_790,69,18,13,6,1157.11,192.85166666666666,67,29,2026-03-29T17:25:21.780-07:00
user_772,59,17,14,7,1764.0700000000002,252.01000000000002,63,29,2026-03-29T09:00:21.780-07:00
user_586,56,23,10,4,1055.35,263.8375,61,30,2026-03-29T11:57:21.780-07:00
user_938,62,28,7,4,886.8,221.7,56,30,2026-03-29T10:56:21.780-07:00
user_539,82,26,12,3,763.12,254.37333333333333,74,29,2026-03-28T15:51:21.780-07:00
user_656,69,18,15,4,845.3800000000001,211.34500000000003,62,31,2026-03-29T11:14:21.780-07:00
user_633,86,18,10,4,1225.51,306.3775,73,31,2026-03-29T18:18:21.780-07:00
user_844,67,17,16,7,2396.5099999999998,342.3585714285714,72,29,2026-03-29T09:35:21.780-07:00
user_546,63,21,15,6,1792.1599999999999,298.6933333333333,66,28,2026-03-29T15:03:21.780-07:00
user_564,73,17,10,8,1926.26,240.7825,63,31,2026-03-29T18:16:21.780-07:00
user_611,64,21,8,3,751.57,250.52333333333334,63,29,2026-03-29T16:51:21.780-07:00
user_768,80,15,14,6,1299.89,216.64833333333334,72,31,2026-03-29T14:07:21.780-07:00
user_861,63,24,8,9,1896.45,210.71666666666667,67,26,2026-03-29T12:36:21.780-07:00
user_344,69,24,9,6,1128.26,188.04333333333332,66,30,2026-03-29T17:48:21.780-07:00
user_246,44,19,11,9,2044.3799999999999,227.1533333333333,61,30,2026-03-29T13:43:21.780-07:00
user_990,77,25,12,4,841.87,210.4675,71,31,2026-03-29T15:22:21.780-07:00
user_207,67,31,16,6,1095.53,182.58833333333334,73,30,2026-03-29T11:48:21.780-07:00
user_762,52,24,7,5,772.15,154.43,60,29,2026-03-29T04:05:21.780-07:00
user_230,61,20,6,10,1726.0300000000002,172.603,65,30,2026-03-29T10:54:21.780-07:00
user_327,55,19,7,6,1726.33,287.72166666666664,56,29,2026-03-29T07:59:21.780-07:00
user_403,65,17,6,7,2557.55,365.36428571428576,59,27,2026-03-29T12:00:21.780-07:00
user_807,59,25,8,4,1114.1,278.525,65,29,2026-03-29T14:43:21.780-07:00
user_99,56,27,14,9,2675.9700000000003,297.33000000000004,64,29,2026-03-29T14:48:21.780-07:00
user_362,47,16,13,4,975.0,243.75,56,26,2026-03-29T12:38:21.780-07:00
user_877,84,23,12,7,2158.7000000000003,308.3857142857143,71,30,2026-03-28T15:40:21.780-07:00
user_533,71,19,6,8,2337.38,292.1725,66,31,2026-03-29T17:40:21.780-07:00
user_486,55,16,9,8,2610.69,326.33625,56,30,2026-03-29T04:51:21.780-07:00
user_880,68,16,10,5,1784.16,356.832,64,30,2026-03-29T17:34:21.780-07:00
user_747,73,28,8,2,601.0699999999999,300.53499999999997,63,30,2026-03-29T12:49:21.780-07:00
user_964,63,16,15,9,1697.6499999999999,188.62777777777777,63,29,2026-03-29T17:30:21.780-07:00
user_986,51,19,10,6,1411.6799999999998,235.27999999999997,61,31,2026-03-29T16:12:21.780-07:00
user_896,61,20,4,4,742.79,185.6975,62,29,2026-03-29T16:58:21.780-07:00
user_432,80,25,6,9,2937.48,326.38666666666666,75,31,2026-03-29T05:02:21.780-07:00
user_27,70,17,10,5,1517.13,303.42600000000004,64,30,2026-03-29T12:14:21.780-07:00
user_685,69,20,5,3,861.2,287.06666666666666,64,29,2026-03-29T12:18:21.780-07:00
user_613,48,18,9,3,677.03,225.67666666666665,55,30,2026-03-28T11:37:21.780-07:00
user_663,64,15,11,2,792.72,396.36,63,30,2026-03-29T12:42:21.780-07:00
user_819,69,20,17,2,222.31,111.155,61,30,2026-03-29T08:37:21.780-07:00
user_955,76,31,11,7,1665.9499999999998,237.9928571428571,78,31,2026-03-29T13:23:21.780-07:00
user_944,55,29,8,9,2039.5400000000002,226.61555555555557,63,30,2026-03-29T15:57:21.780-07:00
user_57,66,18,10,4,1715.97,428.9925,65,30,2026-03-29T17:09:21.780-07:00
user_913,64,19,9,5,1590.15,318.03000000000003,64,30,2026-03-29T16:35:21.780-07:00
user_318,57,24,9,8,2150.5,268.8125,61,30,2026-03-29T17:03:21.780-07:00
user_396,82,21,9,4,1232.94,308.235,70,29,2026-03-29T16:25:21.780-07:00
user_949,66,19,11,5,1089.28,217.856,63,30,2026-03-29T13:28:21.780-07:00
user_972,69,19,4,0,0.0,0.0,61,30,2026-03-29T10:12:21.780-07:00
user_606,64,15,10,8,1795.59,224.44875,65,30,2026-03-29T04:02:21.780-07:00
user_804,69,21,5,4,1426.73,356.6825,61,29,2026-03-29T17:38:21.780-07:00
user_466,49,12,14,4,806.3399999999999,201.58499999999998,48,28,2026-03-29T17:36:21.780-07:00
user_991,70,33,17,9,1772.4900000000002,196.94333333333336,69,31,2026-03-29T14:34:21.780-07:00
user_98,66,18,7,6,1530.09,255.015,59,29,2026-03-29T17:24:21.780-07:00
user_856,55,16,12,8,2549.42,318.6775,60,30,2026-03-29T08:20:21.780-07:00
user_854,50,17,9,3,853.39,284.4633333333333,60,30,2026-03-29T13:39:21.780-07:00
user_595,62,22,16,2,717.36,358.68,62,30,2026-03-29T18:10:21.780-07:00
user_283,73,16,13,3,472.74,157.58,64,30,2026-03-29T16:36:21.780-07:00
user_44,60,22,11,5,964.6899999999999,192.938,59,30,2026-03-29T06:49:21.780-07:00
user_661,69,18,15,6,1462.01,243.66833333333332,65,27,2026-03-29T17:04:21.780-07:00
user_754,68,23,12,4,1051.65,262.9125,68,29,2026-03-29T17:58:21.780-07:00
user_544,71,13,11,4,1321.71,330.4275,63,30,2026-03-29T15:48:21.780-07:00
user_918,71,19,7,4,759.84,189.96,71,29,2026-03-28T20:59:21.780-07:00
user_346,65,21,10,10,3074.5299999999997,307.453,70,30,2026-03-29T07:19:21.780-07:00
user_924,72,14,11,2,373.24,186.62,66,29,2026-03-29T09:02:21.780-07:00
user_847,75,20,8,2,464.23,232.115,69,29,2026-03-29T18:02:21.780-07:00
user_96,53,18,11,4,750.82,187.705,58,27,2026-03-29T16:52:21.780-07:00
user_105,71,21,11,5,1324.56,264.912,67,30,2026-03-29T17:40:21.780-07:00
user_514,64,21,6,3,605.91,201.97,59,29,2026-03-29T04:33:21.780-07:00
user_640,71,20,7,3,648.8199999999999,216.2733333333333,63,29,2026-03-29T07:12:21.780-07:00
user_370,62,15,10,7,2142.58,306.0828571428571,55,28,2026-03-29T17:24:21.780-07:00
user_17,60,24,11,1,344.09,344.09,69,29,2026-03-29T17:53:21.780-07:00
user_337,59,17,8,8,2051.33,256.41625,63,27,2026-03-29T18:11:21.780-07:00
user_855,62,17,9,6,2098.82,349.80333333333334,60,28,2026-03-29T17:54:21.780-07:00
user_255,70,15,12,6,1810.62,301.77,70,30,2026-03-28T22:40:21.780-07:00
user_813,58,28,13,4,1145.69,286.4225,65,30,2026-03-29T11:48:21.780-07:00
user_360,67,16,12,2,446.01,223.005,55,30,2026-03-29T09:07:21.780-07:00
user_26,71,24,11,6,1173.8,195.63333333333333,72,30,2026-03-29T14:23:21.780-07:00
user_147,67,16,13,5,978.34,195.668,62,30,2026-03-29T11:38:21.780-07:00
user_858,50,17,14,6,573.48,95.58,61,28,2026-03-29T11:33:21.780-07:00
user_499,66,21,9,8,2117.37,264.67125,64,30,2026-03-29T15:22:21.780-07:00
user_38,59,16,5,5,1329.52,265.904,55,29,2026-03-29T16:57:21.780-07:00
user_888,77,20,13,5,801.99,160.398,69,30,2026-03-29T14:52:21.780-07:00
user_695,66,20,10,6,1072.87,178.81166666666664,65,30,2026-03-29T05:39:21.780-07:00
user_667,59,24,16,5,1010.39,202.078,62,30,2026-03-29T18:15:21.780-07:00
user_328,64,17,8,4,1024.24,256.06,55,30,2026-03-29T06:27:21.780-07:00
user_16,57,18,10,5,1211.92,242.38400000000001,57,29,2026-03-29T13:34:21.780-07:00
user_138,59,31,16,4,1058.96,264.74,69,31,2026-03-29T02:07:21.780-07:00
user_458,58,20,17,7,2096.2799999999997,299.4685714285714,67,29,2026-03-29T15:25:21.780-07:00
user_988,86,15,11,5,1354.82,270.964,68,31,2026-03-29T07:46:21.780-07:00
user_699,62,20,10,5,1185.53,237.106,62,31,2026-03-29T05:00:21.780-07:00
user_241,74,25,8,3,333.18,111.06,66,30,2026-03-29T14:46:21.780-07:00
user_838,71,15,7,6,1627.69,271.2816666666667,69,29,2026-03-29T14:43:21.780-07:00
user_831,78,20,3,3,785.53,261.8433333333333,64,30,2026-03-29T12:12:21.780-07:00
user_666,67,22,6,5,1117.28,223.456,65,28,2026-03-29T00:56:21.780-07:00
user_892,58,19,18,8,2380.91,297.61375,64,31,2026-03-29T18:05:21.780-07:00
user_100,57,22,7,10,2107.59,210.75900000000001,62,29,2026-03-29T08:06:21.780-07:00
user_104,73,19,14,5,1380.48,276.096,67,30,2026-03-29T11:38:21.780-07:00
user_853,63,20,13,7,1572.7900000000002,224.68428571428575,62,29,2026-03-28T17:02:21.780-07:00
user_484,63,25,14,7,2280.24,325.7485714285714,65,29,2026-03-29T08:34:21.780-07:00
user_766,69,20,10,5,1377.1,275.41999999999996,61,30,2026-03-29T13:18:21.780-07:00
user_33,58,31,16,6,1171.67,195.27833333333334,70,29,2026-03-29T16:00:21.780-07:00
user_310,57,17,8,4,996.1199999999999,249.02999999999997,64,30,2026-03-29T16:52:21.780-07:00
user_490,64,17,9,2,381.68,190.84,58,31,2026-03-29T07:05:21.780-07:00
user_42,67,21,10,3,554.27,184.75666666666666,65,29,2026-03-29T15:04:21.780-07:00
user_935,54,17,9,1,287.2,287.2,52,29,2026-03-29T16:10:21.780-07:00
user_395,66,20,14,8,2381.9,297.7375,69,29,2026-03-29T16:42:21.780-07:00
user_461,64,18,13,2,394.18999999999994,197.09499999999997,65,31,2026-03-29T07:03:21.780-07:00
user_279,69,26,11,9,2126.35,236.2611111111111,67,30,2026-03-29T07:12:21.780-07:00
user_559,67,24,12,6,1807.5300000000002,301.25500000000005,63,31,2026-03-29T16:30:21.780-07:00
user_15,65,14,9,9,2124.06,236.00666666666666,58,29,2026-03-29T15:12:21.780-07:00
user_291,64,16,7,8,1515.0900000000001,189.38625000000002,57,29,2026-03-29T16:15:21.780-07:00
user_881,54,24,8,3,589.49,196.49666666666667,64,29,2026-03-29T12:28:21.780-07:00
user_791,69,19,7,2,501.04,250.52,60,30,2026-03-28T10:07:21.780-07:00
user_398,59,24,9,2,593.07,296.535,63,28,2026-03-29T17:36:21.780-07:00
user_713,65,24,10,1,295.29,295.29,59,30,2026-03-29T11:16:21.780-07:00
user_801,60,15,8,2,784.8299999999999,392.41499999999996,54,30,2026-03-29T13:07:21.780-07:00
user_285,63,13,13,7,1830.07,261.43857142857144,61,30,2026-03-29T12:53:21.780-07:00
user_757,58,20,7,6,1664.86,277.47666666666663,64,28,2026-03-29T10:18:21.780-07:00
user_779,69,19,12,1,154.57,154.57,64,31,2026-03-29T10:26:21.780-07:00
user_298,85,25,9,11,2040.8200000000002,185.5290909090909,73,31,2026-03-29T04:41:21.780-07:00
user_763,60,15,5,4,600.89,150.2225,57,30,2026-03-29T12:43:21.780-07:00
user_634,66,17,13,4,1431.31,357.8275,66,29,2026-03-29T09:09:21.780-07:00
user_372,64,17,10,2,743.78,371.89,63,31,2026-03-29T15:14:21.780-07:00
user_263,71,22,10,2,131.11,65.555,61,30,2026-03-29T08:08:21.780-07:00
user_293,54,21,10,4,1485.94,371.485,59,29,2026-03-29T16:19:21.780-07:00
user_91,71,14,8,9,2107.44,234.16,73,30,2026-03-29T12:44:21.780-07:00
user_482,63,18,9,4,975.47,243.8675,66,30,2026-03-29T11:58:21.780-07:00
user_787,74,27,5,6,1221.83,203.63833333333332,64,29,2026-03-29T12:18:21.780-07:00
user_489,55,19,10,8,1428.24,178.53,55,27,2026-03-29T10:31:21.780-07:00
user_872,80,24,8,6,1624.1100000000001,270.685,62,30,2026-03-29T12:27:21.780-07:00
user_322,78,16,11,7,1664.84,237.8342857142857,68,28,2026-03-29T05:45:21.780-07:00
user_380,59,22,4,5,911.8800000000001,182.37600000000003,62,29,2026-03-29T05:28:21.780-07:00
user_228,65,16,12,3,727.7099999999999,242.56999999999996,62,28,2026-03-29T15:36:21.780-07:00
user_311,63,18,12,5,1422.0600000000002,284.41200000000003,70,30,2026-03-29T13:44:21.780-07:00
user_579,69,16,11,2,579.73,289.865,61,28,2026-03-29T07:53:21.780-07:00
user_353,70,19,11,3,358.62,119.54,66,29,2026-03-29T16:24:21.780-07:00
user_101,50,16,12,1,97.95,97.95,53,26,2026-03-29T11:07:21.780-07:00
user_815,72,18,6,9,2194.54,243.83777777777777,64,31,2026-03-29T12:31:21.780-07:00
user_238,63,26,7,5,835.73,167.14600000000002,64,29,2026-03-29T15:27:21.780-07:00
user_887,62,19,6,6,1042.94,173.82333333333335,57,28,2026-03-29T12:51:21.780-07:00
user_612,61,18,13,4,1136.67,284.1675,64,24,2026-03-29T13:05:21.780-07:00
user_744,59,19,16,4,228.82,57.205,64,29,2026-03-29T15:01:21.780-07:00
user_235,73,13,9,2,738.82,369.41,68,28,2026-03-29T07:12:21.780-07:00
user_865,61,19,9,7,2086.59,298.0842857142857,61,30,2026-03-29T06:49:21.780-07:00
user_408,67,19,9,2,175.57999999999998,87.78999999999999,59,29,2026-03-29T17:18:21.780-07:00
user_383,64,21,7,5,1281.54,256.308,62,28,2026-03-29T17:13:21.780-07:00
user_738,58,14,13,6,1529.8600000000001,254.9766666666667,62,30,2026-03-29T04:51:21.780-07:00
user_917,58,27,15,4,1543.51,385.8775,59,30,2026-03-28T20:08:21.780-07:00
user_826,64,13,8,6,1174.82,195.8033333333333,62,30,2026-03-29T09:50:21.780-07:00
user_116,56,22,5,8,2261.8500000000004,282.73125000000005,62,28,2026-03-28T22:30:21.780-07:00
user_660,70,22,9,7,1581.52,225.93142857142857,62,31,2026-03-29T15:02:21.780-07:00
user_688,92,24,11,5,1054.68,210.936,68,30,2026-03-29T13:06:21.780-07:00
user_256,75,23,11,6,1356.94,226.15666666666667,67,30,2026-03-29T09:44:21.780-07:00
user_751,70,20,7,10,3087.62,308.762,62,29,2026-03-29T14:35:21.780-07:00
user_914,59,17,14,5,766.49,153.298,63,29,2026-03-29T12:38:21.780-07:00
user_34,71,20,15,4,1056.74,264.185,68,29,2026-03-29T10:08:21.780-07:00
user_122,56,18,9,4,1024.43,256.1075,63,30,2026-03-29T15:05:21.780-07:00
user_850,76,20,6,11,2792.9900000000002,253.90818181818184,69,31,2026-03-29T15:13:21.780-07:00
user_565,54,33,7,7,2548.41,364.0585714285714,65,31,2026-03-29T15:55:21.780-07:00
user_506,64,20,12,5,833.99,166.798,62,31,2026-03-29T16:08:21.780-07:00
user_8,69,22,13,4,1581.54,395.385,68,30,2026-03-29T17:21:21.780-07:00
user_165,53,25,14,4,1731.03,432.7575,59,28,2026-03-29T13:24:21.780-07:00
user_951,49,21,9,8,2615.54,326.9425,59,27,2026-03-29T05:12:21.780-07:00
user_136,63,19,11,4,1193.9199999999998,298.47999999999996,67,29,2026-03-28T15:51:21.780-07:00
user_675,70,19,8,3,285.46999999999997,95.15666666666665,65,27,2026-03-29T18:03:21.780-07:00
user_984,48,19,7,3,847.5699999999999,282.5233333333333,54,28,2026-03-29T10:44:21.780-07:00
user_769,71,23,17,9,2627.75,291.97222222222223,69,30,2026-03-29T16:40:21.780-07:00
user_88,68,19,9,8,1994.7700000000002,249.34625000000003,61,30,2026-03-29T14:15:21.780-07:00
user_674,73,19,8,4,1370.96,342.74,68,30,2026-03-29T15:07:21.780-07:00
user_287,68,23,9,5,1541.83,308.366,64,30,2026-03-29T11:56:21.780-07:00
user_976,63,28,11,11,2145.9,195.0818181818182,68,30,2026-03-29T12:57:21.780-07:00
user_425,55,27,18,7,1383.79,197.68428571428572,62,28,2026-03-29T16:03:21.780-07:00
user_619,68,23,8,5,1471.26,294.252,66,31,2026-03-29T12:53:21.780-07:00
user_422,69,20,13,0,0.0,0.0,65,30,2026-03-29T09:06:21.780-07:00
user_591,74,25,8,1,67.47,67.47,69,28,2026-03-29T16:29:21.780-07:00
user_494,62,18,10,5,1704.26,340.852,64,29,2026-03-29T14:54:21.780-07:00
user_227,61,20,12,5,591.01,118.202,61,30,2026-03-29T04:29:21.780-07:00
user_903,69,12,8,5,1147.0,229.4,58,30,2026-03-29T17:19:21.780-07:00
user_262,70,21,11,4,1597.69,399.4225,67,29,2026-03-29T15:41:21.780-07:00
user_301,69,21,10,6,1353.8700000000001,225.645,67,29,2026-03-29T16:47:21.780-07:00
user_222,68,22,2,9,1754.74,194.9711111111111,64,30,2026-03-29T16:40:21.780-07:00
user_92,76,13,6,7,2163.42,309.06,67,29,2026-03-28T23:12:21.780-07:00
user_423,79,22,12,3,823.4799999999999,274.4933333333333,70,29,2026-03-29T14:58:21.780-07:00
user_993,58,18,11,4,820.15,205.0375,61,30,2026-03-29T06:19:21.780-07:00
user_987,51,21,11,3,876.72,292.24,57,29,2026-03-29T16:33:21.780-07:00
user_185,72,12,9,9,2631.5699999999997,292.39666666666665,63,30,2026-03-28T23:05:21.780-07:00
user_60,58,23,14,4,656.76,164.19,60,30,2026-03-29T10:31:21.780-07:00
user_719,62,17,12,3,784.4300000000001,261.4766666666667,62,29,2026-03-29T17:10:21.780-07:00
user_875,65,18,9,4,1204.72,301.18,65,29,2026-03-29T04:38:21.780-07:00
user_419,68,20,11,7,1740.56,248.65142857142857,68,30,2026-03-29T10:09:21.780-07:00
user_696,60,12,10,1,479.86,479.86,61,27,2026-03-28T20:16:21.780-07:00
user_142,72,24,12,7,1929.58,275.6542857142857,66,30,2026-03-29T10:03:21.780-07:00
user_621,64,12,11,4,1245.25,311.3125,61,27,2026-03-29T18:19:21.780-07:00
user_478,62,17,6,2,446.19,223.095,58,27,2026-03-29T14:24:21.780-07:00
user_876,48,21,4,4,996.8299999999999,249.20749999999998,50,30,2026-03-29T17:00:21.780-07:00
user_340,57,18,9,6,1018.3599999999999,169.72666666666666,56,30,2026-03-29T00:50:21.780-07:00
user_292,80,20,5,4,1165.53,291.3825,62,31,2026-03-29T12:09:21.780-07:00
user_312,65,23,9,6,2078.6899999999996,346.44833333333327,63,30,2026-03-29T18:19:21.780-07:00
user_884,72,19,9,8,1934.4999999999998,241.81249999999997,70,29,2026-03-29T17:21:21.780-07:00
user_186,72,24,10,7,1758.75,251.25,70,28,2026-03-29T16:22:21.780-07:00
user_805,72,23,18,5,1494.92,298.98400000000004,65,30,2026-03-29T14:11:21.780-07:00
user_520,52,25,8,5,1154.29,230.858,55,28,2026-03-29T07:18:21.780-07:00
user_211,53,17,6,4,1002.19,250.5475,55,28,2026-03-29T14:51:21.780-07:00
user_78,64,20,4,6,1664.92,277.4866666666667,56,29,2026-03-29T18:13:21.780-07:00
user_941,60,21,7,3,570.8100000000001,190.27,62,28,2026-03-29T11:05:21.780-07:00
user_6,63,25,5,7,2249.21,321.3157142857143,60,31,2026-03-29T12:35:21.780-07:00
user_799,38,19,7,4,1181.49,295.3725,52,26,2026-03-29T13:05:21.780-07:00
user_155,60,27,10,10,2432.8599999999997,243.28599999999997,69,30,2026-03-29T11:49:21.780-07:00
user_692,64,30,10,2,464.24,232.12,64,29,2026-03-29T17:59:21.780-07:00
user_358,66,20,11,3,784.53,261.51,64,30,2026-03-29T16:30:21.780-07:00
user_600,54,15,16,5,1717.42,343.48400000000004,63,28,2026-03-28T19:56:21.780-07:00
user_54,67,17,11,8,1842.7799999999997,230.34749999999997,62,30,2026-03-29T05:46:21.780-07:00
user_513,81,25,7,8,1847.7699999999998,230.97124999999997,70,31,2026-03-29T16:59:21.780-07:00
user_552,68,10,8,3,1113.22,371.0733333333333,57,30,2026-03-29T03:31:21.780-07:00
user_76,74,21,11,4,910.0200000000001,227.50500000000002,68,30,2026-03-29T07:16:21.780-07:00
user_792,54,18,7,5,1248.28,249.656,60,29,2026-03-29T18:14:21.780-07:00
user_550,68,26,9,3,743.88,247.96,68,31,2026-03-29T08:22:21.780-07:00
user_364,68,19,7,5,1817.66,363.53200000000004,59,31,2026-03-29T15:38:21.780-07:00
user_547,61,22,14,4,618.12,154.53,61,30,2026-03-29T08:32:21.780-07:00
user_554,72,16,10,1,319.55,319.55,61,30,2026-03-29T15:46:21.780-07:00
user_717,69,17,13,5,1639.8899999999999,327.97799999999995,68,30,2026-03-29T15:29:21.780-07:00
user_509,55,15,17,1,147.85,147.85,56,29,2026-03-29T13:26:21.780-07:00
user_87,64,19,6,5,1543.95,308.79,69,27,2026-03-28T20:58:21.780-07:00
user_2,78,26,6,6,1600.18,266.69666666666666,72,31,2026-03-29T12:46:21.780-07:00
user_183,57,18,8,5,971.42,194.284,56,30,2026-03-29T04:53:21.780-07:00
user_868,51,25,16,5,1452.73,290.546,63,27,2026-03-29T18:22:21.780-07:00
user_126,77,26,10,6,1146.8400000000001,191.14000000000001,71,29,2026-03-29T00:34:21.780-07:00
user_767,59,15,11,10,2745.4700000000003,274.547,58,30,2026-03-29T12:41:21.780-07:00
user_191,75,23,12,6,1237.47,206.245,71,30,2026-03-29T15:51:21.780-07:00
user_200,65,14,11,1,431.91,431.91,60,28,2026-03-29T07:44:21.780-07:00
user_567,60,13,18,7,1528.46,218.35142857142858,63,28,2026-03-29T06:56:21.780-07:00
user_173,64,19,14,5,1561.6499999999999,312.33,62,30,2026-03-29T04:13:21.780-07:00
user_957,63,17,17,6,1184.0099999999998,197.33499999999995,65,31,2026-03-29T18:04:21.780-07:00
user_273,69,27,10,4,1257.4700000000003,314.36750000000006,64,29,2026-03-29T07:52:21.780-07:00
user_240,76,13,8,1,445.24,445.24,64,28,2026-03-29T17:07:21.780-07:00
user_187,62,22,9,6,2076.71,346.11833333333334,59,30,2026-03-29T15:12:21.780-07:00
user_350,64,18,8,3,919.73,306.57666666666665,54,30,2026-03-29T18:13:21.780-07:00
user_541,66,26,6,5,1223.22,244.644,63,28,2026-03-28T18:08:21.780-07:00
user_590,70,11,19,5,1791.3600000000001,358.27200000000005,67,29,2026-03-29T17:41:21.780-07:00
user_110,62,18,7,5,1198.9299999999998,239.78599999999997,58,28,2026-03-29T08:50:21.780-07:00
user_860,62,26,12,6,1630.8799999999997,271.8133333333333,63,29,2026-03-29T16:07:21.780-07:00
user_375,65,14,5,7,2114.48,302.06857142857143,60,27,2026-03-28T22:37:21.780-07:00
user_538,63,13,10,4,901.87,225.4675,60,27,2026-03-29T16:27:21.780-07:00
user_445,69,16,8,8,2338.29,292.28625,62,30,2026-03-28T18:50:21.780-07:00
user_55,66,20,10,9,797.0699999999999,88.56333333333333,67,29,2026-03-29T15:46:21.780-07:00
user_274,73,28,12,6,1812.5699999999997,302.09499999999997,75,30,2026-03-29T16:54:21.780-07:00
user_753,65,15,9,5,821.9000000000001,164.38000000000002,60,29,2026-03-29T17:13:21.780-07:00
user_321,49,21,6,8,1818.38,227.2975,53,27,2026-03-29T15:59:21.780-07:00
user_272,64,22,10,6,2174.79,362.465,64,29,2026-03-29T18:23:21.780-07:00
user_507,55,22,15,2,556.9,278.45,59,29,2026-03-29T15:52:21.780-07:00
user_531,67,21,8,4,1005.48,251.37,64,31,2026-03-29T17:36:21.780-07:00
user_249,56,18,13,5,493.53000000000003,98.706,59,29,2026-03-29T11:53:21.780-07:00
user_324,63,28,11,3,359.3,119.76666666666667,69,29,2026-03-29T09:13:21.780-07:00
user_111,78,12,13,10,3314.1,331.40999999999997,67,29,2026-03-29T13:25:21.780-07:00
user_962,66,16,10,5,1431.78,286.356,61,29,2026-03-29T17:29:21.780-07:00
user_133,59,19,12,2,293.39,146.695,59,29,2026-03-29T01:37:21.780-07:00
user_243,68,24,16,6,1468.05,244.67499999999998,73,28,2026-03-29T02:13:21.780-07:00
user_171,76,24,11,3,500.03,166.67666666666665,68,30,2026-03-29T09:35:21.780-07:00
user_933,79,23,8,6,1581.98,263.66333333333336,73,29,2026-03-28T23:14:21.780-07:00
user_897,49,27,9,9,2289.27,254.36333333333334,59,29,2026-03-29T17:45:21.780-07:00
user_609,60,20,10,5,1018.7,203.74,62,29,2026-03-29T11:46:21.780-07:00
user_485,76,16,8,3,580.9200000000001,193.64000000000001,69,31,2026-03-29T14:06:21.780-07:00
user_593,74,16,10,7,1631.27,233.03857142857143,69,29,2026-03-29T16:23:21.780-07:00
user_749,75,18,8,2,541.0699999999999,270.53499999999997,70,30,2026-03-29T09:26:21.780-07:00
user_406,63,17,8,7,2354.01,336.2871428571429,57,29,2026-03-29T04:46:21.780-07:00
user_774,75,26,4,8,2766.51,345.81375,63,31,2026-03-29T10:21:21.780-07:00
user_829,71,17,4,3,961.98,320.66,64,30,2026-03-29T16:01:21.780-07:00
user_891,70,25,10,2,412.17,206.085,67,27,2026-03-29T12:40:21.780-07:00
user_623,61,16,18,2,721.36,360.68,54,29,2026-03-29T15:58:21.780-07:00
user_170,69,23,6,2,492.96999999999997,246.48499999999999,63,28,2026-03-29T18:20:21.780-07:00
user_966,61,24,10,7,1745.87,249.41,56,29,2026-03-29T02:39:21.780-07:00
user_313,68,26,9,2,415.18,207.59,68,30,2026-03-29T17:58:21.780-07:00
user_284,61,30,5,5,1167.29,233.458,67,30,2026-03-29T09:19:21.780-07:00
user_113,80,16,9,6,1995.1899999999998,332.53166666666664,67,29,2026-03-29T02:55:21.780-07:00
user_214,59,20,10,4,587.19,146.7975,64,31,2026-03-29T04:37:21.780-07:00
user_576,62,24,8,5,1656.29,331.258,63,28,2026-03-29T17:35:21.780-07:00
user_707,73,24,8,3,639.77,213.25666666666666,62,30,2026-03-28T21:37:21.780-07:00
user_943,62,13,14,8,1728.0800000000002,216.01000000000002,65,30,2026-03-28T17:21:21.780-07:00
user_389,78,20,13,6,1367.1999999999998,227.86666666666665,71,31,2026-03-29T16:18:21.780-07:00
user_367,61,25,12,9,2368.2200000000003,263.1355555555556,64,30,2026-03-29T18:12:21.780-07:00
user_899,68,9,7,5,1559.8899999999999,311.97799999999995,58,30,2026-03-29T17:46:21.780-07:00
user_198,68,25,12,2,345.36,172.68,60,28,2026-03-29T16:43:21.780-07:00
user_124,57,18,5,4,990.81,247.7025,57,29,2026-03-28T18:00:21.780-07:00
user_109,59,24,10,6,1406.0800000000002,234.3466666666667,59,29,2026-03-29T17:39:21.780-07:00
user_874,64,24,16,5,1344.25,268.85,70,30,2026-03-29T17:47:21.780-07:00
user_150,63,26,11,4,1007.94,251.985,68,30,2026-03-29T14:32:21.780-07:00
user_334,68,24,8,1,423.11,423.11,65,30,2026-03-29T15:51:21.780-07:00
user_433,60,22,13,3,658.89,219.63,61,29,2026-03-29T08:54:21.780-07:00
user_381,58,14,9,6,1223.99,203.99833333333333,57,29,2026-03-28T21:26:21.780-07:00
user_722,55,20,15,4,1067.3600000000001,266.84000000000003,62,30,2026-03-29T10:46:21.780-07:00
user_143,74,19,12,5,1347.23,269.446,67,30,2026-03-29T11:54:21.780-07:00
user_760,60,24,5,2,639.87,319.935,64,29,2026-03-28T14:51:21.780-07:00
user_672,66,14,9,3,731.8,243.9333333333333,64,29,2026-03-28T23:58:21.780-07:00
user_963,70,22,6,5,1181.21,236.24200000000002,64,29,2026-03-29T14:08:21.780-07:00
user_332,56,18,10,5,1483.1799999999998,296.63599999999997,63,29,2026-03-29T09:54:21.780-07:00
user_300,46,12,12,3,591.8299999999999,197.27666666666664,49,28,2026-03-27T11:07:21.780-07:00
user_558,52,18,13,1,262.23,262.23,58,28,2026-03-29T16:55:21.780-07:00
user_190,72,19,9,2,77.6,38.8,70,29,2026-03-29T17:15:21.780-07:00
user_525,48,17,5,5,1018.3,203.66,54,28,2026-03-29T16:34:21.780-07:00
user_841,55,23,11,4,935.3599999999999,233.83999999999997,63,29,2026-03-29T17:29:21.780-07:00
user_654,64,17,5,4,843.5400000000001,210.88500000000002,57,28,2026-03-29T17:24:21.780-07:00
user_637,48,22,10,6,1028.84,171.47333333333333,57,27,2026-03-29T13:34:21.780-07:00
user_635,60,22,11,6,1651.7500000000002,275.2916666666667,61,29,2026-03-29T11:20:21.780-07:00
user_700,70,15,9,9,2045.88,227.32000000000002,67,29,2026-03-29T13:29:21.780-07:00
user_25,71,15,13,5,1620.86,324.17199999999997,68,30,2026-03-29T04:02:21.780-07:00
user_177,67,24,6,5,858.0899999999999,171.618,70,31,2026-03-29T04:21:21.780-07:00
user_449,66,21,16,6,1563.34,260.5566666666667,66,29,2026-03-29T15:54:21.780-07:00
user_435,66,16,18,3,656.13,218.71,68,30,2026-03-29T05:01:21.780-07:00
user_594,68,19,15,3,698.4599999999999,232.81999999999996,68,31,2026-03-29T18:05:21.780-07:00
user_261,76,24,10,7,2057.28,293.8971428571429,65,29,2026-03-29T14:33:21.780-07:00
user_540,65,16,8,8,1719.17,214.89625,65,30,2026-03-29T14:21:21.780-07:00
user_69,69,25,7,8,1624.1000000000001,203.01250000000002,67,31,2026-03-29T15:31:21.780-07:00
user_134,76,17,5,3,979.63,326.54333333333335,66,29,2026-03-29T06:08:21.780-07:00
user_940,48,18,6,10,2880.24,288.024,61,31,2026-03-29T05:11:21.780-07:00
user_585,76,30,10,7,1866.0900000000001,266.5842857142857,71,30,2026-03-29T10:32:21.780-07:00
user_24,69,26,8,9,2159.33,239.92555555555555,68,31,2026-03-29T11:40:21.780-07:00
user_192,65,26,14,2,581.41,290.705,63,29,2026-03-29T13:57:21.780-07:00
user_359,61,21,9,1,139.18,139.18,64,30,2026-03-29T07:16:21.780-07:00
user_37,65,13,7,8,1878.45,234.80625,65,28,2026-03-29T17:46:21.780-07:00
user_393,66,20,10,7,1523.6800000000003,217.66857142857148,65,31,2026-03-29T16:18:21.780-07:00
user_314,67,16,9,3,625.59,208.53,58,31,2026-03-29T14:32:21.780-07:00
user_495,80,23,10,7,2092.71,298.9585714285714,68,31,2026-03-29T15:11:21.780-07:00
user_764,82,13,13,4,813.8299999999999,203.45749999999998,64,31,2026-03-29T13:36:21.780-07:00
user_201,76,25,10,4,711.9100000000001,177.97750000000002,70,31,2026-03-29T15:22:21.780-07:00
user_369,64,17,10,3,659.62,219.87333333333333,62,31,2026-03-29T17:14:21.780-07:00
user_319,80,28,16,1,370.7,370.7,73,30,2026-03-29T02:03:21.780-07:00
user_687,66,18,8,3,90.53,30.176666666666666,60,29,2026-03-28T20:34:21.780-07:00
user_895,58,27,12,8,1810.04,226.255,60,30,2026-03-29T10:35:21.780-07:00
user_989,59,23,13,3,352.76,117.58666666666666,58,28,2026-03-29T11:04:21.780-07:00
user_361,61,25,16,5,1712.2199999999998,342.44399999999996,67,29,2026-03-29T12:09:21.780-07:00
user_651,56,26,10,4,886.41,221.6025,60,29,2026-03-29T13:10:21.780-07:00
user_257,63,25,9,7,1281.76,183.10857142857142,67,28,2026-03-29T16:41:21.780-07:00
user_306,63,20,12,11,2733.0699999999997,248.46090909090907,65,29,2026-03-29T17:19:21.780-07:00
user_873,73,19,8,7,1396.0800000000002,199.44000000000003,69,29,2026-03-29T17:07:21.780-07:00
user_916,72,17,6,1,107.03,107.03,63,27,2026-03-29T08:04:21.780-07:00
user_444,49,20,13,5,1813.75,362.75,54,29,2026-03-29T08:27:21.780-07:00
user_89,65,22,13,2,429.78,214.89,64,27,2026-03-29T12:07:21.780-07:00
user_84,65,19,8,8,2031.36,253.92,65,31,2026-03-29T12:17:21.780-07:00
user_74,71,22,10,4,989.56,247.39,69,29,2026-03-29T18:21:21.780-07:00
user_315,60,19,7,10,3194.84,319.48400000000004,65,30,2026-03-29T10:11:21.780-07:00
user_796,57,15,13,11,3106.8999999999996,282.44545454545454,66,30,2026-03-28T13:44:21.780-07:00
user_465,58,17,18,6,1515.13,252.52166666666668,65,31,2026-03-29T00:11:21.780-07:00
user_217,75,18,11,5,1664.0,332.8,69,30,2026-03-29T15:54:21.780-07:00
user_627,64,14,10,6,1041.2,173.53333333333333,62,27,2026-03-29T12:16:21.780-07:00
user_810,68,15,12,6,1944.79,324.13166666666666,62,30,2026-03-29T09:56:21.780-07:00
user_578,76,17,10,6,1385.11,230.85166666666666,68,29,2026-03-29T13:58:21.780-07:00
user_80,78,21,6,3,686.62,228.87333333333333,61,30,2026-03-29T15:05:21.780-07:00
user_866,63,26,9,5,826.62,165.324,66,31,2026-03-29T17:36:21.780-07:00
user_145,72,20,11,4,1171.66,292.915,64,29,2026-03-28T17:18:21.780-07:00
user_641,63,27,10,2,665.75,332.875,60,30,2026-03-29T16:46:21.780-07:00
user_922,66,16,8,6,1447.3899999999999,241.23166666666665,63,30,2026-03-29T04:36:21.780-07:00
user_828,71,32,10,2,898.1700000000001,449.08500000000004,67,30,2026-03-29T17:45:21.780-07:00
user_777,58,27,7,3,829.95,276.65000000000003,66,29,2026-03-28T10:53:21.780-07:00
user_624,65,31,9,6,1403.56,233.92666666666665,68,30,2026-03-29T17:09:21.780-07:00
user_345,64,21,10,7,1872.8899999999999,267.55571428571426,67,30,2026-03-29T16:14:21.780-07:00
user_349,79,19,11,2,285.36,142.68,66,30,2026-03-29T13:03:21.780-07:00
user_773,74,22,12,3,821.1099999999999,273.7033333333333,68,31,2026-03-29T12:32:21.780-07:00
user_582,55,25,12,4,999.8499999999999,249.96249999999998,62,30,2026-03-29T07:51:21.780-07:00
user_599,48,26,11,1,17.78,17.78,56,28,2026-03-29T18:03:21.780-07:00
user_472,65,19,15,5,1322.11,264.42199999999997,67,31,2026-03-29T09:32:21.780-07:00
user_168,58,19,7,5,848.4000000000001,169.68,66,27,2026-03-28T18:33:21.780-07:00
user_879,66,19,12,3,1001.1299999999999,333.71,66,30,2026-03-29T13:55:21.780-07:00
user_231,57,21,8,4,1109.33,277.3325,59,27,2026-03-29T15:55:21.780-07:00
user_602,72,33,12,3,1075.74,358.58,68,30,2026-03-29T16:20:21.780-07:00
user_519,55,19,9,5,1702.84,340.568,55,28,2026-03-28T23:30:21.780-07:00
user_491,59,25,12,4,922.67,230.6675,65,30,2026-03-29T15:31:21.780-07:00
user_208,66,22,7,4,1091.5600000000002,272.89000000000004,65,29,2026-03-29T13:20:21.780-07:00
user_811,58,16,12,1,358.99,358.99,56,29,2026-03-29T13:10:21.780-07:00
user_950,48,17,6,5,1041.74,208.348,54,30,2026-03-29T07:20:21.780-07:00
user_715,73,24,14,6,1096.8200000000002,182.80333333333337,71,30,2026-03-29T14:41:21.780-07:00
user_983,47,20,12,3,689.8,229.9333333333333,57,27,2026-03-29T11:49:21.780-07:00
user_374,67,33,9,5,1963.55,392.71,61,28,2026-03-29T01:39:21.780-07:00
user_385,57,22,13,4,748.74,187.185,65,29,2026-03-29T13:51:21.780-07:00
user_927,74,19,12,5,1474.9699999999998,294.99399999999997,71,31,2026-03-29T16:36:21.780-07:00
user_3,67,14,9,3,294.61,98.20333333333333,61,31,2026-03-29T17:53:21.780-07:00
user_655,66,20,11,8,2040.4,255.05,65,31,2026-03-29T16:16:21.780-07:00
user_114,65,25,15,5,969.38,193.876,71,30,2026-03-29T12:42:21.780-07:00
user_352,60,29,10,4,663.29,165.8225,62,31,2026-03-29T08:52:21.780-07:00
user_985,68,11,10,5,1222.1699999999998,244.43399999999997,59,29,2026-03-29T13:37:21.780-07:00
user_163,56,15,4,4,1272.0500000000002,318.01250000000005,54,29,2026-03-29T16:46:21.780-07:00
user_244,68,18,10,3,626.58,208.86,64,30,2026-03-29T02:02:21.780-07:00
user_664,77,21,3,5,1681.9099999999999,336.38199999999995,63,29,2026-03-29T13:26:21.780-07:00
user_329,59,27,8,4,1251.5900000000001,312.89750000000004,68,30,2026-03-29T13:26:21.780-07:00
user_647,65,33,6,3,540.14,180.04666666666665,63,30,2026-03-29T15:23:21.780-07:00
user_825,76,23,12,5,1541.8600000000001,308.372,76,31,2026-03-29T12:33:21.780-07:00
user_397,65,21,12,4,1196.2600000000002,299.06500000000005,60,30,2026-03-29T03:54:21.780-07:00
user_61,58,17,11,5,1757.9,351.58000000000004,55,31,2026-03-29T17:35:21.780-07:00
user_438,69,14,12,7,1515.5500000000002,216.5071428571429,71,31,2026-03-29T16:53:21.780-07:00
user_948,52,14,15,3,476.93999999999994,158.98,56,30,2026-03-29T01:45:21.780-07:00
user_681,55,24,7,12,2698.67,224.88916666666668,65,30,2026-03-29T17:52:21.780-07:00
user_871,71,24,6,4,1157.98,289.495,63,30,2026-03-29T14:34:21.780-07:00
user_441,58,15,13,4,968.43,242.1075,57,29,2026-03-29T13:29:21.780-07:00
user_245,51,27,6,11,2524.3900000000003,229.49000000000004,57,29,2026-03-28T23:08:21.780-07:00
user_798,70,21,9,1,326.13,326.13,60,28,2026-03-29T06:59:21.780-07:00
user_418,62,21,11,6,1657.2199999999998,276.2033333333333,68,30,2026-03-29T05:15:21.780-07:00
user_117,70,23,13,7,2438.31,348.33,62,31,2026-03-29T16:11:21.780-07:00
user_745,59,23,5,5,1434.8600000000001,286.97200000000004,60,29,2026-03-29T17:17:21.780-07:00
user_270,73,26,9,6,1615.19,269.1983333333333,74,30,2026-03-29T07:10:21.780-07:00
user_492,55,15,8,5,1173.19,234.638,53,31,2026-03-29T08:14:21.780-07:00
user_464,64,22,13,7,1547.9099999999999,221.12999999999997,66,30,2026-03-29T05:42:21.780-07:00
user_305,61,15,11,3,1003.1,334.3666666666667,58,30,2026-03-29T13:32:21.780-07:00
user_925,61,15,10,6,1710.1599999999999,285.02666666666664,52,30,2026-03-29T12:31:21.780-07:00
user_189,67,21,8,6,2390.63,398.43833333333333,65,29,2026-03-29T17:06:21.780-07:00
user_584,65,19,9,10,2952.09,295.209,64,31,2026-03-29T17:30:21.780-07:00
user_534,49,27,12,4,1307.2,326.8,57,28,2026-03-29T16:34:21.780-07:00
user_794,57,30,6,4,901.6899999999999,225.42249999999999,58,31,2026-03-29T12:36:21.780-07:00
user_196,67,27,9,2,694.4,347.2,67,29,2026-03-28T21:11:21.780-07:00
user_706,71,24,14,4,1137.19,284.2975,70,30,2026-03-29T16:54:21.780-07:00
user_474,78,14,13,2,497.09,248.545,66,29,2026-03-29T13:36:21.780-07:00
user_605,75,19,12,10,3242.4799999999996,324.24799999999993,69,31,2026-03-29T06:31:21.780-07:00
user_405,63,20,4,2,572.89,286.445,58,27,2026-03-29T14:41:21.780-07:00
user_161,68,20,9,3,542.88,180.96,57,28,2026-03-29T05:28:21.780-07:00
user_530,70,17,5,4,1394.79,348.6975,60,31,2026-03-29T11:47:21.780-07:00
user_70,70,23,22,4,1520.96,380.24,71,29,2026-03-29T12:17:21.780-07:00
user_571,80,21,9,4,1586.0099999999998,396.50249999999994,71,30,2026-03-29T14:20:21.780-07:00
user_295,83,16,5,2,438.18,219.09,68,30,2026-03-29T18:08:21.780-07:00
user_29,59,29,13,2,774.8199999999999,387.40999999999997,63,29,2026-03-29T10:53:21.780-07:00
user_677,64,16,13,5,1207.31,241.462,60,30,2026-03-29T06:10:21.780-07:00
user_23,65,14,12,6,1222.3899999999999,203.73166666666665,59,29,2026-03-29T17:07:21.780-07:00
user_446,69,29,6,2,840.1800000000001,420.09000000000003,63,29,2026-03-29T17:07:21.780-07:00
user_404,69,15,6,9,2373.57,263.73,63,30,2026-03-29T14:40:21.780-07:00
user_341,66,14,9,5,1699.88,339.976,59,30,2026-03-29T16:48:21.780-07:00
user_36,73,24,8,6,1744.4499999999998,290.7416666666666,67,31,2026-03-29T14:28:21.780-07:00
user_149,68,26,12,7,1146.3500000000001,163.76428571428573,70,30,2026-03-29T12:50:21.780-07:00
user_212,74,16,11,6,1048.08,174.67999999999998,70,27,2026-03-28T21:33:21.780-07:00
user_278,56,21,14,4,636.25,159.0625,61,28,2026-03-29T12:30:21.780-07:00
user_968,64,18,8,8,2554.23,319.27875,63,29,2026-03-29T15:11:21.780-07:00
user_77,77,21,19,3,652.51,217.50333333333333,75,31,2026-03-29T17:08:21.780-07:00
user_697,56,20,9,3,826.0799999999999,275.35999999999996,57,28,2026-03-29T17:21:21.780-07:00
user_469,61,17,15,4,1704.71,426.1775,61,28,2026-03-29T15:48:21.780-07:00
user_439,70,26,7,5,1354.2199999999998,270.84399999999994,68,29,2026-03-29T17:27:21.780-07:00
user_63,79,25,5,5,1563.46,312.692,65,28,2026-03-29T17:28:21.780-07:00
user_30,60,19,15,9,2505.86,278.4288888888889,62,29,2026-03-29T16:25:21.780-07:00
user_504,57,23,12,1,182.23,182.23,61,30,2026-03-29T16:22:21.780-07:00
user_205,67,18,17,4,631.23,157.8075,62,28,2026-03-29T18:12:21.780-07:00
